city;year;weekofyear;week_start_date;ndvi_ne;ndvi_nw;ndvi_se;ndvi_sw;precipitation_amt_mm;reanalysis_air_temp_k;reanalysis_avg_temp_k;reanalysis_dew_point_temp_k;reanalysis_max_air_temp_k;reanalysis_min_air_temp_k;reanalysis_precip_amt_kg_per_m2;reanalysis_relative_humidity_percent;reanalysis_sat_precip_amt_mm;reanalysis_specific_humidity_g_per_kg;reanalysis_tdtr_k;station_avg_temp_c;station_diur_temp_rng_c;station_max_temp_c;station_min_temp_c;station_precip_mm
sj;1992;1;01/01/1992;1251;1578667;1852833;1813667;0;0;0;0;0;0;0;0;0;0;0;0;0;0;0;0
sj;1992;2;08/01/1992;1008333;73575;1387143;1127857;20085;297913000000;298121000000;294457000000;3004;2961;183;813;20085;158786000000;23;256571000000;75;306;206;582
sj;1992;3;15/01/1992;2224;2299;1984571;1994143;312;297339000000;297486000000;294467000000;3002;2956;198;841171000000;312;158329000000;185714000000;254714000000;617143000000;311;217;323
sj;1992;4;22/01/1992;1225333;13105;1888429;1688714;0;297091000000;297336000000;293021000000;2995;2956;511;782914000000;0;144829000000;235714000000;248571000000;744286000000;306;200;13
sj;1992;5;29/01/1992;0;483;1736714;1919286;0;29742;29755;292719000000;2993;2955;65;7522;0;141857000000;244286000000;248;658571000000;289;200;92
sj;1992;6;05/02/1992;1016;846;1117167;1879571;0;29692;297129000000;292617000000;3007;2945;162;770586000000;0;141229000000;34;247143000000;735714000000;306;200;30
sj;1992;7;12/02/1992;0;1305;1957429;1788571;0;297799000000;298057000000;29465;3002;2953;201;828757000000;0;1606;22;260286000000;657143000000;322;200;13
sj;1992;8;19/02/1992;0;1844667;1946143;2030571;0;297899000000;298107000000;293629000000;3001;2963;44;772957000000;0;150129000000;258571000000;257571000000;738571000000;339;217;89
sj;1992;9;26/02/1992;10705;815;1652429;1630571;0;297473000000;297679000000;292967000000;2993;2963;144;760371000000;0;143814000000;241429000000;252857000000;617143000000;294;217;160
sj;1992;10;04/03/1992;0;18218;1910857;1928571;0;297651000000;2978;293317000000;2998;2957;55;768786000000;0;147014000000;231429000000;256571000000;781429000000;311;206;29
sj;1992;11;11/03/1992;8685;9015;128;1551;2322;297634000000;297786000000;29354;2996;2961;126;780571000000;2322;149443000000;251429000000;257857000000;775714000000;317;217;59
sj;1992;12;18/03/1992;5305;8405;1417714;1345143;0;297947000000;29815;293709000000;3004;2955;356;775057000000;0;151357000000;27;261;785714000000;311;217;48
sj;1992;13;25/03/1992;0;0;1348429;1068;0;297219000000;297429000000;293579000000;3003;2958;210;802386000000;0;149686000000;28;262;571429000000;322;222;23
sj;1992;14;01/04/1992;9995;7765;1930667;1769;12227;297983000000;298071000000;293884000000;3002;2960;162;780671000000;12227;152643000000;274286000000;262286000000;752857000000;311;217;241
sj;1992;15;08/04/1992;1039;1315;1224714;1243857;4321;298683000000;298879000000;294196000000;3016;2959;111;763757000000;4321;156129000000;361429000000;269857000000;784286000000;328;217;0
sj;1992;16;15/04/1992;7515;9743333;1590286;1729857;8311;297831000000;2980;294943000000;3004;2966;706;841843000000;8311;163243000000;214286000000;268143000000;588571000000;317;228;245
sj;1992;17;22/04/1992;922;1137;1514143;1548286;3616;298089000000;298257000000;294049000000;3006;2965;258;784257000000;3616;154529000000;282857000000;266714000000;724286000000;317;222;46
sj;1992;18;29/04/1992;125;635;7031429;8944286;0;298197000000;298521000000;2934;3021;2956;40;749329000000;0;149;361429000000;273714000000;65;339;233;16
sj;1992;19;06/05/1992;10875;2169;1823286;2073571;1392;298336000000;298443000000;294221000000;3021;2960;450;7848;1392;1575;30;267857000000;691429000000;339;222;320
sj;1992;20;13/05/1992;101875;-88;1420667;1259;294;298334000000;298514000000;294276000000;3004;2964;275;783814000000;294;156871000000;222857000000;274429000000;595714000000;311;228;81
sj;1992;21;20/05/1992;1024;686;6238333;574;7185;298409000000;298557000000;295767000000;3010;2968;5705;856471000000;7185;172329000000;271429000000;278571000000;677143000000;328;233;221
sj;1992;22;27/05/1992;1215;0;2191571;2130143;18625;298616000000;29875;296334000000;3014;2970;1303;873014000000;18625;178329000000;235714000000;274286000000;595714000000;317;239;802
sj;1992;23;03/06/1992;12165;13995;1100857;1022286;4224;299104000000;299229000000;296523000000;3010;2978;500;858271000000;4224;179957000000;211429000000;275;691429000000;317;228;1039
sj;1992;24;10/06/1992;8395;856;1023714;1117714;4321;298901000000;298964000000;296154000000;3005;2976;438;8487;4321;1757;198571000000;282;687143000000;328;244;1024
sj;1992;25;17/06/1992;10445;15315;1811571;1920857;5207;298931000000;298957000000;296043000000;3010;2970;371;842486000000;5207;174414000000;20;282857000000;674286000000;328;244;298
sj;1992;26;24/06/1992;1302;1302;13938;11475;5296;299569000000;29955;296384000000;3018;2980;337;827771000000;5296;178071000000;172857000000;284857000000;702857000000;328;239;54
sj;1992;27;01/07/1992;1194;1439;1693286;1684714;1074;300177000000;300379000000;296276000000;3018;2983;100;793343000000;1074;176671000000;227143000000;292286000000;664286000000;333;256;31
sj;1992;28;08/07/1992;0;192;1468571;1530714;186;300286000000;300564000000;296199000000;3022;2987;54;784971000000;186;175686000000;278571000000;287286000000;661429000000;328;244;18
sj;1992;29;15/07/1992;112;1255;14214;1825333;9414;29979;299829000000;296053000000;3018;2980;461;8015;9414;1743;20;276286000000;604286000000;317;239;452
sj;1992;30;22/07/1992;-1396;5918;1371286;1288714;3351;299227000000;299371000000;295876000000;3011;2980;6904;819843000000;3351;172486000000;202857000000;275571000000;685714000000;317;233;410
sj;1992;31;29/07/1992;539;1261333;1337714;1499143;3112;299026000000;299107000000;295746000000;3008;2977;588;823457000000;3112;171143000000;181429000000;279714000000;692857000000;322;228;142
sj;1992;32;05/08/1992;152675;173275;1500429;1450571;5922;299756000000;299914000000;296159000000;3015;2976;271;807843000000;5922;175471000000;242857000000;280714000000;61;317;233;166
sj;1992;33;12/08/1992;16395;12665;2150571;2192714;6555;299216000000;299221000000;296007000000;3013;2978;818;8275;6555;174157000000;195714000000;276714000000;755714000000;317;228;419
sj;1992;34;19/08/1992;1146;1368;1855857;1925714;6822;299491000000;299736000000;296214000000;3019;2983;616;823171000000;6822;176014000000;224286000000;282143000000;692857000000;339;244;427
sj;1992;35;26/08/1992;875;817;1799429;2217571;277;300067000000;300157000000;296057000000;3022;2981;289;788643000000;277;174586000000;242857000000;282714000000;682857000000;322;239;31
sj;1992;36;02/09/1992;0;2175;1240143;1256571;6155;300109000000;300157000000;296176000000;3020;2984;3436;792043000000;6155;175643000000;22;287286000000;748571000000;344;244;65
sj;1992;37;09/09/1992;123975;1768;2357429;2148286;2134;299727000000;299757000000;295937000000;3022;2982;872;7993;2134;173529000000;202857000000;280286000000;654286000000;322;239;236
sj;1992;38;16/09/1992;519;7226667;1775714;1588143;4132;299979000000;300071000000;296111000000;3022;2984;326;795257000000;4132;175414000000;234286000000;281429000000;708571000000;328;239;289
sj;1992;39;23/09/1992;1435;1435;1984;2122714;9555;299293000000;299379000000;296281000000;3014;2979;11679;837;9555;177514000000;204286000000;275571000000;724286000000;328;233;609
sj;1992;40;30/09/1992;1972;12715;1581333;9435;977;299624000000;299707000000;29613;3023;2976;342;812971000000;977;176043000000;23;279714000000;722857000000;333;233;226
sj;1992;41;07/10/1992;137225;10745;1771857;1911;231;300267000000;300329000000;296424000000;3028;2983;194;797371000000;231;178971000000;325714000000;288857000000;78;350;239;0
sj;1992;42;14/10/1992;3371;1979;1945857;1832286;1895;300119000000;300229000000;295893000000;3026;2977;113;778343000000;1895;173086000000;297143000000;291571000000;711429000000;333;250;80
sj;1992;43;21/10/1992;-156;312;1042167;1129833;1218;299849000000;299914000000;295646000000;3016;2984;215;778757000000;1218;170443000000;251429000000;286571000000;745714000000;328;239;119
sj;1992;44;28/10/1992;1242;1254;1156;1124286;8058;299803000000;299843000000;295806000000;3023;2970;250;7891;8058;172471000000;302857000000;286714000000;728571000000;333;239;186
sj;1992;45;04/11/1992;866;1209667;2244429;2498571;640;299807000000;29985;29627;3015;2985;277;810529000000;640;1773;207143000000;283857000000;77;333;222;142
sj;1992;46;11/11/1992;118;1422;8945;668;4006;299041000000;299207000000;295074000000;3009;2974;3172;790129000000;4006;164814000000;241429000000;275429000000;684286000000;317;228;1610
sj;1992;47;18/11/1992;764;5613333;1343714;6401429;4344;298343000000;298286000000;294653000000;3006;2966;4997;802557000000;4344;160671000000;182857000000;266857000000;70;311;222;261
sj;1992;48;25/11/1992;971;1026333;1617143;1198286;4742;298664000000;298743000000;296041000000;3011;2969;1281;855871000000;4742;175286000000;20;274;677143000000;328;233;463
sj;1992;49;02/12/1992;1083;74125;1750667;15275;5373;29846;29855;295253000000;3006;2970;548;826486000000;5373;166786000000;192857000000;266286000000;724286000000;311;222;626
sj;1992;50;09/12/1992;547;1099;1981571;2159667;8628;298734000000;298914000000;29465;3005;2975;1923;783114000000;8628;160243000000;211429000000;269143000000;718571000000;311;222;94
sj;1992;51;16/12/1992;0;66425;1923429;1941286;0;298286000000;298507000000;293829000000;3007;2964;2494;766614000000;0;152514000000;264286000000;266857000000;838571000000;322;217;475
sj;1992;52;23/12/1992;-1008;6821667;869;733125;0;297173000000;29735;2928;2991;2961;238;767571000000;0;143243000000;192857000000;259143000000;648571000000;294;217;55
sj;1993;53;01/01/1993;0;0;0;0;0;0;0;0;0;0;0;0;0;0;0;0;0;0;0;0
sj;1993;1;08/01/1993;2835;4366667;7865714;4645714;4679;297467000000;29755;29415;2994;2961;419;818786000000;4679;1552;19;258714000000;65;306;217;280
sj;1993;2;15/01/1993;3006667;3785;1318857;1092;0;297331000000;297343000000;293069000000;2992;2962;275;771443000000;0;144671000000;171429000000;245;704286000000;283;206;235
sj;1993;3;22/01/1993;0;11345;2260571;2200286;0;297401000000;297629000000;293076000000;2995;2962;112;769843000000;0;1449;22;248571000000;712857000000;300;200;66
sj;1993;4;29/01/1993;6613333;5705;1303667;1473833;0;296967000000;297129000000;292841000000;2992;2955;218;778629000000;0;143071000000;208571000000;244;61;289;200;152
sj;1993;5;05/02/1993;47425;2253333;9238571;9468571;7597;297624000000;297686000000;294033000000;3004;2956;263;8061;7597;154529000000;208571000000;266714000000;764286000000;317;194;94
sj;1993;6;12/02/1993;2738;558;2020857;2047857;0;296594000000;2968;292871000000;2997;2947;143;798257000000;0;143857000000;234286000000;254286000000;674286000000;300;206;21
sj;1993;7;19/02/1993;1108667;173375;2375143;2274143;1471;29776;297971000000;293343000000;2996;2964;72;765329000000;1471;147529000000;248571000000;262714000000;81;317;206;28
sj;1993;8;26/02/1993;0;1339;2699286;2615857;0;296769000000;296871000000;292301000000;3001;2946;215;762171000000;0;138271000000;277143000000;257;73;322;206;55
sj;1993;9;05/03/1993;1744667;1338;1584833;1399167;0;297014000000;297243000000;291911000000;2997;2952;18;732257000000;0;134943000000;28;255714000000;815714000000;300;211;23
sj;1993;10;12/03/1993;9403333;214;2035714;2538286;0;296426000000;296643000000;290776000000;2989;2941;27;706457000000;0;125829000000;248571000000;249;761429000000;294;194;25
sj;1993;11;19/03/1993;-411;-436;1725333;1717714;968;297856000000;298014000000;293693000000;3004;2955;105;777843000000;968;150643000000;268571000000;269286000000;847143000000;333;211;5
sj;1993;12;26/03/1993;3225;10315;1850143;2041857;270;297586000000;297671000000;293223000000;2998;2963;130;768486000000;270;146486000000;225714000000;261429000000;752857000000;311;206;128
sj;1993;13;02/04/1993;1194;8853333;1404714;1174286;0;29734;297443000000;293813000000;2994;2957;2027;807957000000;0;152;214286000000;268857000000;762857000000;328;222;41
sj;1993;14;09/04/1993;0;423;1903667;2082143;749;297746000000;297893000000;293753000000;3001;2962;142;785643000000;749;151629000000;235714000000;272;771429000000;328;211;46
sj;1993;15;16/04/1993;-158;1885;68;834;1974;298013000000;2980;294066000000;3001;2959;232;789614000000;1974;155;305714000000;270714000000;778571000000;333;222;117
sj;1993;16;23/04/1993;828;788;1334571;1317;11485;297529000000;297743000000;294073000000;3001;2945;6349;812714000000;11485;154886000000;277143000000;258714000000;744286000000;311;217;84
sj;1993;17;30/04/1993;0;9256667;1315167;1252286;3335;298591000000;298693000000;295194000000;3004;2970;343;816557000000;3335;165971000000;247143000000;274857000000;838571000000;328;222;283
sj;1993;18;07/05/1993;7965;6415;1547429;1291571;3735;298153000000;298186000000;29526;3001;2969;407;840814000000;3735;166586000000;185714000000;269429000000;627143000000;322;222;1143
sj;1993;19;14/05/1993;7305;52;1074857;1070286;349;297671000000;297693000000;294847000000;3004;2961;1424;845214000000;349;162671000000;25;264714000000;60;311;228;183
sj;1993;20;21/05/1993;1769;901;1792;1866833;1484;298604000000;298721000000;295324000000;3012;2964;5567;824357000000;1484;168571000000;221429000000;282286000000;722857000000;339;233;46
sj;1993;21;28/05/1993;1645;10485;5147143;644;7817;299364000000;299379000000;296676000000;3018;2976;1002;853986000000;7817;181857000000;227143000000;289429000000;722857000000;339;233;321
sj;1993;22;04/06/1993;305;506;1981857;1761;622;298844000000;298914000000;296451000000;3014;2973;932;869;622;179514000000;191429000000;276429000000;588571000000;311;228;583
sj;1993;23;11/06/1993;1206;0;1537714;1484857;848;300659000000;300736000000;296979000000;3028;2985;202;806157000000;848;184914000000;264286000000;299;738571000000;344;250;13
sj;1993;24;18/06/1993;0;785;2209429;2193714;3065;299184000000;299264000000;295743000000;3010;2977;555;814929000000;3065;1713;21;277286000000;678571000000;322;233;579
sj;1993;25;25/06/1993;374;1399667;1681714;1343571;9375;299521000000;299493000000;296294000000;3018;2975;740;826086000000;9375;177129000000;195714000000;273429000000;697143000000;333;222;604
sj;1993;26;02/07/1993;1237667;1522;2154143;2187714;849;299704000000;299843000000;29651;3016;2982;275;828329000000;849;179229000000;20;288429000000;587143000000;328;250;72
sj;1993;27;09/07/1993;689;9593333;1463429;1590429;3728;299567000000;299629000000;29603;3016;2975;728;811486000000;3728;174071000000;188571000000;282429000000;684286000000;328;244;210
sj;1993;28;16/07/1993;375;9203333;1833571;2203714;7394;299584000000;299707000000;296056000000;3019;2977;677;812157000000;7394;1746;25;278857000000;652857000000;322;222;922
sj;1993;29;23/07/1993;1204;1826;1665857;1923714;481;299891000000;299964000000;29594;3020;2983;294;7915;481;173171000000;247143000000;285;725714000000;333;244;130
sj;1993;30;30/07/1993;8285;10608;12255;1236;7803;299237000000;299264000000;296593000000;3013;2980;1090;855514000000;7803;180343000000;175714000000;279429000000;60;322;222;714
sj;1993;31;06/08/1993;0;1488;2467667;2581143;1238;300063000000;300264000000;296857000000;3020;2983;126;828829000000;1238;183271000000;235714000000;290286000000;658571000000;328;244;8
sj;1993;32;13/08/1993;1016;1401;2187;1692571;725;300121000000;30035;296561000000;3020;2987;218;810129000000;725;179886000000;232857000000;290286000000;625714000000;328;250;181
sj;1993;33;20/08/1993;969;4966667;1970714;1632857;10683;29967;299771000000;296513000000;3023;2978;627;830757000000;10683;179529000000;222857000000;294143000000;642857000000;339;244;127
sj;1993;34;27/08/1993;10885;24925;2105714;2159143;136;299919000000;299986000000;29649;3021;2979;269;817271000000;136;179171000000;231429000000;289714000000;761429000000;333;244;171
sj;1993;35;03/09/1993;979;1581;1638571;1509143;3085;299976000000;300036000000;296107000000;3020;2985;344;796286000000;3085;175271000000;218571000000;286571000000;732857000000;328;244;288
sj;1993;36;10/09/1993;1121;688;596;5133333;4326;299761000000;299857000000;296129000000;3026;2982;421;806843000000;4326;175614000000;217143000000;284286000000;788571000000;328;233;434
sj;1993;37;17/09/1993;1199;971;2044429;1865857;1442;299673000000;299786000000;296291000000;3019;2983;500;817943000000;1442;177043000000;194286000000;286;737143000000;328;239;231
sj;1993;38;24/09/1993;54;63525;1392833;1168857;7136;300067000000;300143000000;296461000000;3024;2982;579;809014000000;7136;179529000000;268571000000;281571000000;692857000000;328;233;87
sj;1993;39;01/10/1993;34;517;726;9423333;7286;299886000000;299943000000;296651000000;3021;2984;760;8261;7286;1812;217143000000;282857000000;698571000000;328;239;267
sj;1993;40;08/10/1993;1213;705;1886286;1652714;2762;299591000000;299607000000;296633000000;3011;2982;5536;838414000000;2762;181043000000;167143000000;280143000000;75;333;233;168
sj;1993;41;15/10/1993;1317;645;20515;1731857;801;299957000000;300043000000;296426000000;3018;2987;358;811029000000;801;1786;194286000000;284;698571000000;322;244;270
sj;1993;42;22/10/1993;129;0;1347;1496857;0;300181000000;300243000000;296169000000;3024;2980;170;788071000000;0;175929000000;225714000000;282;77;333;239;64
sj;1993;43;29/10/1993;117;1143;2702;1092667;7007;299789000000;299721000000;296114000000;3015;2981;576;803986000000;7007;175557000000;195714000000;280714000000;714286000000;328;239;254
sj;1993;44;05/11/1993;0;1406667;1776167;1569;0;299886000000;299921000000;296007000000;3019;2985;161;795043000000;0;174414000000;23;279;724286000000;328;233;41
sj;1993;45;12/11/1993;-1589;493;8248333;1696;0;299229000000;29935;295299000000;3009;2978;256;790371000000;0;166629000000;227143000000;276429000000;772857000000;328;233;67
sj;1993;46;19/11/1993;17315;13825;17535;1117429;125;298846000000;29905;295189000000;3010;2975;7071;803771000000;125;1658;184286000000;271714000000;677143000000;317;228;488
sj;1993;47;26/11/1993;1071;1818;2600571;2705857;9181;298571000000;298679000000;295256000000;3011;2968;1181;821543000000;9181;166614000000;187143000000;268857000000;66;317;222;464
sj;1993;48;03/12/1993;3572667;-95;12734;8941429;609;298627000000;298721000000;294966000000;3005;2972;257;804657000000;609;164014000000;201429000000;267857000000;834286000000;333;211;55
sj;1993;49;10/12/1993;0;0;1632333;8283333;529;298219000000;298193000000;29452;3005;2966;434;803029000000;529;159329000000;235714000000;265286000000;708571000000;306;211;208
sj;1993;50;17/12/1993;-2902;-6766667;1682857;8;1482;298566000000;298586000000;29416;3008;2962;286;768543000000;1482;155714000000;245714000000;262286000000;785714000000;311;211;77
sj;1993;51;24/12/1993;-237;-2115;1181143;7024286;4262;298219000000;298336000000;294234000000;3012;2961;336;788286000000;4262;1565;255714000000;260429000000;682857000000;317;217;376
sj;1994;52;01/01/1994;0;0;0;0;525;298527000000;298779000000;294401000000;3010;2960;34;780186000000;525;1578;244286000000;269714000000;82;328;217;3
sj;1994;1;08/01/1994;-1209;193;9498571;1785143;126;298191000000;298286000000;293586000000;3001;2963;195;757429000000;126;149514000000;205714000000;255;674286000000;294;211;410
sj;1994;2;15/01/1994;1435;974;25425;21445;0;29759;297693000000;293721000000;2996;2960;194;7915;0;150971000000;221429000000;254571000000;727143000000;294;211;134
sj;1994;3;22/01/1994;741;1664333;151;1407143;0;297913000000;297943000000;29337;2997;2962;164;759843000000;0;147757000000;211429000000;250857000000;742857000000;300;200;266
sj;1994;4;29/01/1994;912;-1162667;1635571;1985143;0;297571000000;297707000000;293531000000;2992;2963;1904;783814000000;0;149386000000;232857000000;253286000000;704286000000;294;206;97
sj;1994;5;05/02/1994;2588;2112;2200571;2156;0;297589000000;297714000000;29323;2998;2958;218;768257000000;0;146343000000;22;257857000000;71;300;206;36
sj;1994;6;12/02/1994;882;117;768;69175;0;297516000000;297571000000;292853000000;2992;2959;115;7531;0;142886000000;174286000000;252571000000;752857000000;294;211;91
sj;1994;7;19/02/1994;3633;24185;2473857;2834143;0;297774000000;297943000000;292577000000;2994;2955;72;728857000000;0;1402;228571000000;257;715714000000;306;211;97
sj;1994;8;26/02/1994;0;9243333;1377571;7407143;0;297456000000;297564000000;292673000000;2993;2961;115;747886000000;0;141571000000;235714000000;257429000000;857143000000;306;206;79
sj;1994;9;05/03/1994;0;1446;17415;1530833;0;297236000000;297336000000;293129000000;3001;2954;167;779157000000;0;145586000000;25;253143000000;854286000000;306;206;162
sj;1994;10;12/03/1994;1125;1038;8821429;1224143;715;297269000000;297407000000;293887000000;2995;2955;187;815186000000;715;152586000000;244286000000;258857000000;705714000000;311;217;158
sj;1994;11;19/03/1994;1468;-4815;1946833;14055;0;297501000000;297671000000;292864000000;2998;2956;669;754357000000;0;143343000000;257143000000;258429000000;795714000000;311;211;168
sj;1994;12;26/03/1994;412;1005833;1528167;1368429;0;298014000000;298214000000;293176000000;3005;2955;29;746471000000;0;146171000000;365714000000;267286000000;991429000000;328;206;0
sj;1994;13;02/04/1994;978;15975;1270429;1195286;4662;298281000000;298464000000;293533000000;3001;2968;666;750829000000;4662;149457000000;247143000000;267;834286000000;333;211;10
sj;1994;14;09/04/1994;108;5093333;1369286;1190286;0;29812;298314000000;293151000000;3000;2968;44;739514000000;0;145471000000;24;264286000000;777143000000;311;217;23
sj;1994;15;16/04/1994;16435;13325;1874286;1552429;0;297537000000;297621000000;293734000000;2996;2960;370;795171000000;0;151471000000;21;259714000000;671429000000;300;211;167
sj;1994;16;23/04/1994;0;0;1528286;1754571;0;297541000000;297736000000;292853000000;2996;2963;166;752471000000;0;142943000000;212857000000;259714000000;64;300;222;287
sj;1994;17;30/04/1994;805;251;9804286;9371667;0;298324000000;298493000000;293456000000;3009;2968;49;745157000000;0;148814000000;261429000000;266714000000;778571000000;317;222;132
sj;1994;18;07/05/1994;652;8175;1644143;1321429;680;298927000000;299093000000;295236000000;3011;2970;141;803529000000;680;166214000000;267143000000;277571000000;77;333;228;105
sj;1994;19;14/05/1994;1111;974;1165143;1063143;1046;298557000000;2987;294924000000;3005;2972;211;804629000000;1046;1628;194286000000;274143000000;645714000000;317;239;33
sj;1994;20;21/05/1994;742;177;1722429;1608286;165;298474000000;29855;295384000000;3006;2973;289;831357000000;165;167671000000;181429000000;277143000000;81;333;228;293
sj;1994;21;28/05/1994;1178;10975;2084714;2084857;1752;299941000000;300229000000;296064000000;3023;2977;79;795029000000;1752;174871000000;288571000000;291;707143000000;339;244;69
sj;1994;22;04/06/1994;1097;1407;2008429;1616143;659;299597000000;299779000000;295343000000;3017;2978;167;776643000000;659;167129000000;235714000000;285714000000;731429000000;333;233;16
sj;1994;23;11/06/1994;8005;6905;6161429;5854286;4253;299327000000;299536000000;295643000000;3013;2980;215;803829000000;4253;170157000000;247143000000;282286000000;762857000000;328;233;673
sj;1994;24;18/06/1994;-286;0;1592833;2158429;1382;299606000000;2998;295491000000;3016;2983;37;782929000000;1382;168314000000;24;283286000000;677143000000;328;244;54
sj;1994;25;25/06/1994;-323;4215;1387429;1391143;3834;2995;299636000000;295463000000;3022;2980;2651;787043000000;3834;168371000000;204286000000;280714000000;66;328;239;234
sj;1994;26;02/07/1994;1252667;11765;1234167;1551857;1267;299861000000;300007000000;295853000000;3023;2980;229;790271000000;1267;172286000000;264286000000;284;675714000000;328;239;102
sj;1994;27;09/07/1994;12325;2155667;217;1133429;1539;299126000000;299179000000;295154000000;3015;2979;5483;788057000000;1539;164786000000;164286000000;279286000000;682857000000;322;239;195
sj;1994;28;16/07/1994;1396;22405;1846714;1805857;977;299481000000;29965;295169000000;3015;2979;1852;773029000000;977;165029000000;212857000000;281714000000;601429000000;322;239;287
sj;1994;29;23/07/1994;424;1201667;1943429;1907429;4328;299933000000;3001;295563000000;3017;2978;99;771029000000;4328;168829000000;234286000000;282571000000;652857000000;328;239;98
sj;1994;30;30/07/1994;183;2658;1967286;1939;279;299977000000;300129000000;295237000000;3015;2985;33;754357000000;279;1658;245714000000;285143000000;722857000000;333;244;10
sj;1994;31;06/08/1994;0;1311;1752143;1122143;2696;299576000000;299636000000;295363000000;3017;2974;229;777957000000;2696;167086000000;221429000000;282571000000;698571000000;333;239;485
sj;1994;32;13/08/1994;4465;-402;5686667;2865;3003;299519000000;299679000000;295466000000;3015;2979;125;785843000000;3003;168314000000;235714000000;283857000000;778571000000;333;239;36
sj;1994;33;20/08/1994;6666667;-157;1766167;22135;1777;30001;300129000000;295487000000;3022;2983;166;764371000000;1777;168643000000;251429000000;285143000000;677143000000;333;244;204
sj;1994;34;27/08/1994;1564;130825;1920571;1767286;324;300364000000;300536000000;295931000000;3027;2985;1156;7692;324;173386000000;264286000000;285714000000;67;328;244;43
sj;1994;35;03/09/1994;2185;14525;2137857;2040857;5991;300393000000;300536000000;296296000000;3027;2987;2024;784829000000;5991;177057000000;252857000000;294286000000;688571000000;339;256;110
sj;1994;36;10/09/1994;4585;76225;2916857;2479714;1945;300074000000;300179000000;296131000000;3024;2976;283;791386000000;1945;175214000000;264286000000;292857000000;635714000000;333;244;144
sj;1994;37;17/09/1994;0;0;955;192925;6111;299951000000;300057000000;295907000000;3022;2982;704;7875;6111;173057000000;245714000000;285571000000;69;344;239;508
sj;1994;38;24/09/1994;0;0;0;0;3922;299886000000;300036000000;295961000000;3023;2981;507;793143000000;3922;173543000000;198571000000;283714000000;618571000000;322;244;343
sj;1994;39;01/10/1994;0;0;0;0;5588;299509000000;299643000000;295821000000;3018;2977;452;803729000000;5588;172486000000;26;280143000000;67;339;233;315
sj;1994;40;08/10/1994;0;0;0;0;63;300377000000;3005;295363000000;3025;2987;28;741171000000;63;167443000000;262857000000;287143000000;69;344;244;82
sj;1994;41;15/10/1994;0;0;0;0;167;299639000000;299621000000;295481000000;3029;2978;408;782257000000;167;169;272857000000;283286000000;765714000000;350;239;392
sj;1994;42;22/10/1994;0;0;0;0;7557;300239000000;3004;295686000000;3030;2983;1581;763486000000;7557;171243000000;302857000000;285714000000;744286000000;350;239;54
sj;1994;43;29/10/1994;0;0;0;0;11152;298811000000;298857000000;296171000000;3005;2975;6485;854171000000;11152;176414000000;165714000000;276714000000;727143000000;328;233;392
sj;1994;44;05/11/1994;0;0;0;0;541;299867000000;30005;295846000000;3019;2983;156;786857000000;541;172643000000;232857000000;281571000000;684286000000;322;244;19
sj;1994;45;12/11/1994;0;0;0;0;3226;299297000000;299129000000;29558;3015;2972;366;800957000000;3226;169843000000;222857000000;273143000000;692857000000;317;222;545
sj;1994;46;19/11/1994;0;0;0;0;3217;299199000000;2993;296174000000;3022;2975;475;835843000000;3217;176443000000;177143000000;272857000000;731429000000;328;222;475
sj;1994;47;26/11/1994;0;0;0;0;1116;299423000000;299457000000;296377000000;3019;2976;237;835029000000;1116;178486000000;24;278571000000;76;339;233;493
sj;1994;48;03/12/1994;0;0;0;0;1752;298851000000;29885;294813000000;3007;2963;274;7856;1752;161786000000;21;268857000000;757143000000;317;211;359
sj;1994;49;10/12/1994;0;0;0;0;4595;297809000000;29795;295204000000;2994;2966;10609;8557;4595;1658;15;263714000000;618571000000;300;222;582
sj;1994;50;17/12/1994;0;0;0;0;0;298624000000;298743000000;293939000000;3005;2972;165;754557000000;0;153271000000;228571000000;265857000000;747143000000;317;217;74
sj;1994;51;24/12/1994;0;0;0;0;0;298581000000;298693000000;294211000000;3006;2969;122;769143000000;0;155957000000;272857000000;266429000000;818571000000;317;222;129
sj;1995;52;01/01/1995;2438;45;2152556;1947778;7143;298839000000;299107000000;295674000000;3015;2967;304;828671000000;7143;170671000000;327143000000;273143000000;874286000000;328;222;92
sj;1995;1;08/01/1995;223075;2193333;2886167;2587429;0;29733;2974;292734000000;3001;2947;125;758386000000;0;1425;237143000000;257;768571000000;317;200;404
sj;1995;2;15/01/1995;0;1416333;1755714;1716143;0;298284000000;29845;293309000000;2999;2968;359;740471000000;0;146986000000;235714000000;257714000000;768571000000;300;217;105
sj;1995;3;22/01/1995;-1193;-359;2122571;2293714;3799;296584000000;296707000000;29283;2991;2950;3288;795529000000;3799;142814000000;178571000000;247571000000;711429000000;289;200;290
sj;1995;4;29/01/1995;5175;1268;1772286;1340714;0;297593000000;298014000000;293533000000;3005;2950;62;7833;0;149471000000;362857000000;261286000000;904286000000;328;206;99
sj;1995;5;05/02/1995;0;1449;21726;2099429;0;29735;29765;29391;3002;2956;433;814043000000;0;152743000000;215714000000;255;728571000000;317;211;269
sj;1995;6;12/02/1995;3233333;59325;1748857;1713857;0;297856000000;298014000000;293026000000;3005;2952;36;746557000000;0;1446;38;260857000000;961429000000;328;200;0
sj;1995;7;19/02/1995;614;0;1753143;2123286;0;298221000000;298464000000;293883000000;3005;2958;1007;770214000000;0;152271000000;281429000000;266286000000;865714000000;322;206;28
sj;1995;8;26/02/1995;935;6486667;1020143;1254143;0;297509000000;297514000000;293133000000;2994;2959;2908;766343000000;0;1453;197143000000;259286000000;728571000000;317;217;295
sj;1995;9;05/03/1995;7355;6865;12292;10996;0;297176000000;297257000000;293444000000;2995;2954;5073;798171000000;0;148529000000;242857000000;252429000000;84;306;200;517
sj;1995;10;12/03/1995;14535;79575;1823429;1864857;0;297081000000;297279000000;293811000000;2994;2952;3642;820529000000;0;151914000000;207143000000;255;705714000000;300;211;169
sj;1995;11;19/03/1995;739;1150667;1452;1547429;1943;29711;297086000000;292821000000;2996;2946;186;7702;1943;143043000000;205714000000;252571000000;675714000000;317;211;165
sj;1995;12;26/03/1995;31;23165;2074333;2497143;0;29648;296707000000;290631000000;3004;2940;67;698614000000;0;124814000000;33;246286000000;841429000000;317;189;23
sj;1995;13;02/04/1995;19862;259575;24515;3054571;0;296887000000;297043000000;290379000000;3000;2935;46;673643000000;0;123314000000;40;252429000000;775714000000;300;200;41
sj;1995;14;09/04/1995;0;2494;2327857;2684143;0;297666000000;297921000000;292556000000;3009;2946;0;734;0;141229000000;361429000000;259714000000;895714000000;328;194;0
sj;1995;15;16/04/1995;0;3495;1719143;1489429;543;29856;298743000000;294339000000;3006;2969;21;776057000000;543;157357000000;282857000000;272857000000;778571000000;328;228;0
sj;1995;16;23/04/1995;1017;1127;2601571;2366143;644;29783;298007000000;293554000000;3002;2960;196;773214000000;644;1501;261429000000;266571000000;73;328;211;720
sj;1995;17;30/04/1995;1281;150025;2205429;1873;0;297511000000;297686000000;2921;3002;2958;27;719371000000;0;1369;265714000000;263286000000;665714000000;311;217;10
sj;1995;18;07/05/1995;0;1521;2145429;1579714;2096;298789000000;299071000000;294203000000;3016;2973;41;760729000000;2096;156171000000;294286000000;278429000000;914286000000;344;222;28
sj;1995;19;14/05/1995;14345;1115;1990714;1708857;901;299131000000;299357000000;295429000000;3018;2970;90;802614000000;901;168229000000;30;277714000000;73;344;228;297
sj;1995;20;21/05/1995;363;96525;1664333;1605714;11962;298996000000;299086000000;295399000000;3017;2971;174;808657000000;11962;167886000000;285714000000;269143000000;627143000000;311;217;1016
sj;1995;21;28/05/1995;322;1621333;2318286;2402714;20462;299454000000;299579000000;295994000000;3017;2973;173;814471000000;20462;174129000000;232857000000;272286000000;734286000000;317;222;975
sj;1995;22;04/06/1995;0;2412;1024714;1095714;17889;299603000000;299607000000;295993000000;3020;2981;2033;807271000000;17889;174114000000;195714000000;277;732857000000;333;233;91
sj;1995;23;11/06/1995;15495;278;2666143;2119;10604;298689000000;29865;295827000000;3002;2975;868;843457000000;10604;172171000000;164286000000;273;714286000000;311;228;355
sj;1995;24;18/06/1995;8955;797;1817143;1559857;2016;299829000000;2999;295893000000;3014;2984;1657;791371000000;2016;172957000000;231429000000;277714000000;747143000000;328;228;435
sj;1995;25;25/06/1995;22135;2174;2199714;1920429;2656;300116000000;300143000000;296626000000;3023;2982;3524;8134;2656;180529000000;20;288429000000;737143000000;333;244;105
sj;1995;26;02/07/1995;2319333;2115;2412286;2656857;204;30068;300807000000;296741000000;3027;2987;137;7938;204;182071000000;275714000000;292143000000;634286000000;339;244;158
sj;1995;27;09/07/1995;3093;2909;2370571;2420429;4118;301007000000;301093000000;296146000000;3032;2986;922;750657000000;4118;175657000000;304286000000;296571000000;782857000000;344;250;160
sj;1995;28;16/07/1995;0;17265;24245;2196714;2589;299944000000;299979000000;296583000000;3020;2985;6059;8196;2589;180129000000;195714000000;292857000000;76;344;244;214
sj;1995;29;23/07/1995;1175;10775;1555714;1664857;3658;300401000000;300664000000;296849000000;3028;2990;383;8109;3658;183543000000;272857000000;292286000000;73;339;250;306
sj;1995;30;30/07/1995;0;1898;942;1322286;10164;299989000000;299957000000;297244000000;3023;2986;6231;850886000000;10164;187771000000;16;285571000000;657143000000;333;239;433
sj;1995;31;06/08/1995;632;9466667;1584857;2030286;6071;3000;3000;29711;3025;2984;1024;843757000000;6071;186729000000;208571000000;287;675714000000;339;239;301
sj;1995;32;13/08/1995;47;47;1991833;1653571;1979;300263000000;300286000000;296559000000;3024;2986;403;803971000000;1979;180429000000;214286000000;290;681429000000;339;233;273
sj;1995;33;20/08/1995;8396667;917;1771571;1886714;405;300554000000;300686000000;29727;3038;2982;177;826257000000;405;188571000000;334286000000;300714000000;694286000000;344;256;87
sj;1995;34;27/08/1995;1131;862;1374;1324714;7511;299953000000;299986000000;296887000000;3019;2981;961;834914000000;7511;184043000000;211429000000;284286000000;765714000000;333;233;660
sj;1995;35;03/09/1995;326;7256667;17236;1968143;3583;300174000000;300243000000;29685;3024;2985;5521;822257000000;3583;183971000000;222857000000;291143000000;592857000000;322;244;128
sj;1995;36;10/09/1995;1071;1836;18515;1699571;2023;301219000000;30135;296994000000;3039;2982;86;781457000000;2023;185457000000;37;295714000000;791429000000;344;239;204
sj;1995;37;17/09/1995;568;546;1436857;1392;4029;30021;3002;297051000000;3022;2981;1227;829114000000;4029;1863;237143000000;293714000000;744286000000;350;244;771
sj;1995;38;24/09/1995;1186333;846;1810167;2176167;1214;300067000000;300136000000;296964000000;3025;2983;825;833143000000;1214;185286000000;244286000000;295857000000;691429000000;356;250;712
sj;1995;39;01/10/1995;1068;8366667;92;9934286;3672;300156000000;300207000000;296771000000;3018;2987;116;818543000000;3672;182543000000;19;299571000000;728571000000;344;256;133
sj;1995;40;08/10/1995;2808;2151;1463429;1295571;6818;299781000000;299729000000;29666;3019;2972;745;831357000000;6818;181457000000;228571000000;280571000000;677143000000;322;239;456
sj;1995;41;15/10/1995;40825;966;1316;1375429;4563;29954;299564000000;296634000000;3014;2980;5398;842071000000;4563;181386000000;181429000000;283857000000;692857000000;322;244;191
sj;1995;42;22/10/1995;33625;9466;9144286;1194429;5567;299794000000;299843000000;296161000000;3018;2978;408;806643000000;5567;176214000000;202857000000;278429000000;717143000000;339;233;391
sj;1995;43;29/10/1995;0;1326;1581857;1374429;5474;299441000000;299421000000;296337000000;3018;2976;464;832143000000;5474;178471000000;238571000000;274714000000;725714000000;322;233;536
sj;1995;44;05/11/1995;2346;7825;2700714;2854286;303;299773000000;299943000000;29617;3023;2981;404;808643000000;303;1767;30;280429000000;764286000000;339;233;135
sj;1995;45;12/11/1995;174;2905;2089143;2354857;0;299097000000;299286000000;29522;3011;2975;324;794043000000;0;166043000000;191429000000;272286000000;687143000000;317;233;536
sj;1995;46;19/11/1995;406;7475;19625;1903429;2486;299623000000;299807000000;29537;3019;2978;99;776386000000;2486;1677;255714000000;271571000000;718571000000;311;228;28
sj;1995;47;26/11/1995;334;1148667;2400143;2549;9049;299276000000;2994;29514;3014;2977;127;781414000000;9049;165414000000;222857000000;273143000000;731429000000;322;228;59
sj;1995;48;03/12/1995;0;76375;2411714;1688714;2021;299453000000;29955;295837000000;3014;2980;1369;806771000000;2021;172571000000;207143000000;272;754286000000;333;228;135
sj;1995;49;10/12/1995;1154;135;2653;2371143;0;299201000000;2994;294687000000;3008;2976;128;763329000000;0;160657000000;225714000000;270143000000;765714000000;311;222;149
sj;1995;50;17/12/1995;-139;1473333;1795;1348;0;298461000000;298579000000;294731000000;3003;2974;236;799857000000;0;161057000000;184286000000;266143000000;708571000000;306;222;209
sj;1995;51;24/12/1995;0;3596667;1808571;1116571;0;298194000000;298221000000;293971000000;3001;2965;403;776371000000;0;153714000000;17;257143000000;585714000000;300;222;539
sj;1996;1;01/01/1996;14;1086667;9192857;1204429;635;297413000000;297457000000;29454;2995;2959;570;841357000000;635;158886000000;165714000000;251857000000;484286000000;283;217;465
sj;1996;2;08/01/1996;1514333;1262333;1842429;1828;150;298529000000;298629000000;294661000000;3006;2967;932;793214000000;150;160157000000;245714000000;262571000000;764286000000;311;217;246
sj;1996;3;15/01/1996;149;7636667;1466571;1969857;5568;297753000000;297864000000;294551000000;2996;2959;503;825157000000;5568;159171000000;207143000000;259714000000;688571000000;311;217;406
sj;1996;4;22/01/1996;958;1381;2194571;2229;6067;297423000000;297486000000;293803000000;2997;2961;4485;804771000000;6067;152086000000;194286000000;255857000000;585714000000;289;222;477
sj;1996;5;29/01/1996;627;1475333;2058429;2097286;0;296629000000;296757000000;29204;2982;2950;286;756929000000;0;1365;194286000000;247857000000;602857000000;283;200;320
sj;1996;6;05/02/1996;2765;4075;1646;1686857;0;297307000000;297436000000;292581000000;2994;2957;119;749614000000;0;140586000000;215714000000;251571000000;681429000000;294;211;108
sj;1996;7;12/02/1996;6895;13685;2188143;2143;293;297626000000;297686000000;29385;2999;2950;1545;796643000000;293;152386000000;222857000000;253143000000;744286000000;311;211;255
sj;1996;8;19/02/1996;0;583;1627857;1252143;72;297883000000;298093000000;293699000000;3000;2961;167;777829000000;72;151257000000;272857000000;259714000000;771429000000;317;211;221
sj;1996;9;26/02/1996;76;108975;2699333;2227714;17758;297599000000;297707000000;293731000000;2996;2960;1567;791986000000;17758;151286000000;23;255571000000;721429000000;294;211;46
sj;1996;10;04/03/1996;0;11005;1926667;1776429;996;297293000000;297479000000;292129000000;2996;2955;32;7306;996;136957000000;252857000000;255714000000;791429000000;306;206;33
sj;1996;11;11/03/1996;3786667;368;1764286;1658571;0;297989000000;298179000000;293561000000;2999;2966;86;764829000000;0;149429000000;221429000000;262429000000;72;311;217;127
sj;1996;12;18/03/1996;7713333;1118;1855286;2112714;0;297429000000;2976;293834000000;3006;2952;280;806471000000;0;152357000000;254286000000;262;77;322;222;142
sj;1996;13;25/03/1996;0;-457;1378857;1538429;0;298189000000;298364000000;293084000000;3004;2967;28;734257000000;0;145286000000;292857000000;264;902857000000;322;206;5
sj;1996;14;01/04/1996;448;24225;851;1079429;0;29721;297407000000;293321000000;3003;2954;288;7902;0;147271000000;255714000000;259286000000;69;311;217;216
sj;1996;15;08/04/1996;497;1488;1627286;1776429;4918;298136000000;298207000000;294366000000;3008;2963;279;797757000000;4918;157514000000;252857000000;262286000000;768571000000;322;217;805
sj;1996;16;15/04/1996;8893333;12235;2162143;2278286;4616;297853000000;298093000000;2938;3007;2957;2422;783114000000;4616;151857000000;23;261286000000;672857000000;322;211;89
sj;1996;17;22/04/1996;0;1078;1786857;1805143;0;298229000000;298464000000;293283000000;3004;2970;109;741714000000;0;147057000000;238571000000;261286000000;64;300;222;82
sj;1996;18;29/04/1996;3144667;1974;2231;2046286;563;298007000000;298093000000;293539000000;2998;2966;215;763943000000;563;149386000000;184286000000;260143000000;662857000000;300;222;256
sj;1996;19;06/05/1996;-464;-384;964;9445714;0;29771;2978;292916000000;2994;2963;111;747929000000;0;143614000000;217143000000;254429000000;632857000000;294;217;106
sj;1996;20;13/05/1996;0;7175;1463;1586429;217;297596000000;297629000000;294451000000;3001;2962;682;8284;217;157971000000;171429000000;258429000000;554286000000;294;222;448
sj;1996;21;20/05/1996;339;557;2153167;21815;4407;298659000000;298921000000;295467000000;3007;2974;179;8278;4407;168571000000;244286000000;267286000000;634286000000;306;228;8
sj;1996;22;27/05/1996;9985;1066;1409857;1087857;6806;299441000000;299593000000;296237000000;3018;2975;2171;827514000000;6806;1766;281429000000;281143000000;691429000000;333;233;94
sj;1996;23;03/06/1996;529;80075;1793143;1579;13706;299254000000;299193000000;296006000000;3014;2979;2438;823686000000;13706;173943000000;207143000000;278143000000;702857000000;322;239;23
sj;1996;24;10/06/1996;986;893;12375;13545;2782;298743000000;298829000000;295439000000;3006;2975;433;822357000000;2782;168;202857000000;269429000000;598571000000;311;233;409
sj;1996;25;17/06/1996;7125;646;1461;1561714;4793;29849;298564000000;295436000000;3008;2971;737;833229000000;4793;1681;192857000000;264429000000;58;306;228;846
sj;1996;26;24/06/1996;16555;1205;1861857;1705857;1599;299641000000;299707000000;296044000000;3018;2976;225;809071000000;1599;174686000000;224286000000;276857000000;592857000000;328;233;193
sj;1996;27;01/07/1996;0;7375;2217833;1834333;601;299581000000;299686000000;295834000000;3015;2975;239;800614000000;601;172114000000;197143000000;279429000000;637143000000;322;244;59
sj;1996;28;08/07/1996;5763333;7825;1641167;1680333;2435;299734000000;299836000000;296341000000;3020;2979;3523;818357000000;2435;177643000000;224286000000;280143000000;637143000000;328;233;435
sj;1996;29;15/07/1996;1121;95425;1674286;1645429;9722;299019000000;299064000000;296124000000;3014;2971;1232;843229000000;9722;175386000000;224286000000;272714000000;562857000000;311;239;536
sj;1996;30;22/07/1996;38;-106;14715;1767833;1489;299714000000;299964000000;295794000000;3020;2980;158;791986000000;1489;171457000000;232857000000;275143000000;547143000000;311;239;99
sj;1996;31;29/07/1996;9683333;115;1986143;2044429;4178;299394000000;299457000000;29603;3014;2975;391;8191;4178;1739;22;271714000000;515714000000;300;239;793
sj;1996;32;05/08/1996;0;5435;1329714;1440857;3404;299137000000;299121000000;296409000000;3007;2977;6771;8501;3404;1781;17;276714000000;534286000000;306;244;319
sj;1996;33;12/08/1996;795;291;14252;2317;1992;299651000000;299793000000;296079000000;3018;2981;292;809357000000;1992;1748;261429000000;280143000000;612857000000;317;228;143
sj;1996;34;19/08/1996;0;9555;3094667;2312;11091;298984000000;299043000000;296129000000;3007;2976;687;843443000000;11091;175229000000;197143000000;267857000000;662857000000;311;228;806
sj;1996;35;26/08/1996;1203333;7396667;2981857;3126;1574;299946000000;300036000000;295986000000;3024;2980;337;792729000000;1574;174229000000;255714000000;277571000000;621429000000;333;239;226
sj;1996;36;02/09/1996;364;3065;1729;1757857;1059;300373000000;300743000000;296911000000;3033;2986;2195;8154;1059;184857000000;345714000000;284857000000;587143000000;333;233;351
sj;1996;37;09/09/1996;1043;1068;1678667;1728;6331;299803000000;299886000000;296453000000;3015;2978;8924;819857000000;6331;1797;18;279429000000;651429000000;328;233;511
sj;1996;38;16/09/1996;0;2845;1504286;1078167;24355;299483000000;299443000000;29688;3013;2976;1517;8569;24355;184071000000;182857000000;270429000000;582857000000;317;228;3059
sj;1996;39;23/09/1996;4044;445;1859;1818857;5912;30032;300443000000;297093000000;3023;2991;1932;826386000000;5912;185957000000;188571000000;278714000000;635714000000;328;239;73
sj;1996;40;30/09/1996;-385;6813333;1651286;1952143;2758;300019000000;300207000000;29609;3024;2986;272;791771000000;2758;175214000000;21;274143000000;588571000000;311;239;209
sj;1996;41;07/10/1996;-66;-355;2071833;2196167;2818;299963000000;300114000000;29646;3023;2981;2354;8126;2818;179414000000;254286000000;272857000000;624286000000;317;233;176
sj;1996;42;14/10/1996;0;609;2202286;2358;462;299804000000;299843000000;296049000000;3018;2982;237;799571000000;462;174857000000;217143000000;275714000000;664286000000;317;233;89
sj;1996;43;21/10/1996;-969;-902;1490143;1663143;1737;300344000000;300464000000;296717000000;3021;2987;71;807343000000;1737;1823;264286000000;290429000000;738571000000;339;244;66
sj;1996;44;28/10/1996;525;158;1809429;1463571;1606;299251000000;299343000000;29572;3023;2977;652;8113;1606;171443000000;208571000000;270429000000;61;311;217;289
sj;1996;45;04/11/1996;-5675;-865;1236143;1353;5159;299169000000;299236000000;29626;3015;2975;5922;841114000000;5159;177014000000;204286000000;268429000000;628571000000;311;222;356
sj;1996;46;11/11/1996;-3006667;881;7505714;98;3432;298246000000;298214000000;295266000000;2997;2968;2199;8364;3432;166771000000;18;261571000000;602857000000;300;222;250
sj;1996;47;18/11/1996;0;39525;6076667;578;4276;298477000000;298557000000;295439000000;3005;2968;11355;833971000000;4276;168429000000;16;258714000000;56;294;222;883
sj;1996;48;25/11/1996;0;1038667;1649714;1447714;6518;298197000000;298421000000;295667000000;3005;2966;490;860714000000;6518;171286000000;204286000000;256143000000;458571000000;283;228;395
sj;1996;49;02/12/1996;-1171;-1016667;2602714;2308429;0;297643000000;297679000000;292941000000;2997;2956;2057;752929000000;0;144586000000;19;250143000000;505714000000;283;217;196
sj;1996;50;09/12/1996;0;495;1559143;176;0;297827000000;297979000000;292663000000;3006;2952;38;732529000000;0;142457000000;275714000000;248;657143000000;300;206;31
sj;1996;51;16/12/1996;0;1639;1702286;1818571;0;296636000000;296771000000;292787000000;2991;2956;407;793729000000;0;143329000000;182857000000;249571000000;47;289;211;254
sj;1996;52;23/12/1996;214;214;156975;1470375;0;297031000000;297114000000;291424000000;2990;2945;393;710629000000;0;131529000000;248571000000;245143000000;578571000000;278;194;40
sj;1997;1;01/01/1997;1526333;1094;2077429;1732857;0;299677000000;299821000000;295014000000;3015;2977;324;756786000000;0;163771000000;235714000000;266286000000;771429000000;317;217;5
sj;1997;2;08/01/1997;0;1839;2683714;1435857;0;297189000000;297429000000;293559000000;2992;2956;2414;803;0;149671000000;237143000000;246714000000;564286000000;278;211;290
sj;1997;3;15/01/1997;-1459;338;2233714;2170857;0;297569000000;297664000000;292797000000;2994;2961;779;7494;0;142786000000;224286000000;243857000000;665714000000;289;194;6
sj;1997;4;22/01/1997;495;7316667;1704714;1861429;665;297486000000;297743000000;293787000000;3009;2952;235;800929000000;665;151743000000;314286000000;249;642857000000;289;211;20
sj;1997;5;29/01/1997;451;4505;1107571;1018;6605;296741000000;296843000000;293533000000;2989;2953;813;823886000000;6605;148986000000;182857000000;246286000000;468571000000;283;211;589
sj;1997;6;05/02/1997;4245;3413333;1372714;1156857;5352;29727;297407000000;292576000000;2991;2958;143;750757000000;5352;140586000000;207143000000;237;61;278;194;495
sj;1997;7;12/02/1997;455;1281;1796714;1705857;2498;29712;297293000000;293637000000;2988;2957;5058;809471000000;2498;150171000000;17;245714000000;57;278;211;254
sj;1997;8;19/02/1997;297;7732;1488286;1815429;0;297587000000;297714000000;293221000000;2992;2962;1514;767129000000;0;146143000000;205714000000;246857000000;627143000000;283;211;229
sj;1997;9;26/02/1997;0;4896667;15534;1579;0;297264000000;297357000000;292473000000;2988;2957;151;746314000000;0;139314000000;217143000000;244714000000;554286000000;278;211;300
sj;1997;10;05/03/1997;0;0;2277;2670143;0;297293000000;297393000000;29241;2990;2955;95;742557000000;0;138857000000;221429000000;245714000000;498571000000;278;211;155
sj;1997;11;12/03/1997;0;864;1700714;1512429;0;297139000000;29735;292496000000;2993;2958;143;753729000000;0;139771000000;215714000000;243571000000;578571000000;278;211;138
sj;1997;12;19/03/1997;1409;12525;2582143;2533286;0;297079000000;297221000000;292767000000;2991;2960;1792;769043000000;0;142229000000;19;247429000000;658571000000;289;211;152
sj;1997;13;26/03/1997;11245;107;2076143;2154;0;297721000000;297921000000;292759000000;3006;2957;70;741186000000;0;142271000000;344286000000;253143000000;807143000000;311;206;15
sj;1997;14;02/04/1997;0;123;1983167;1916833;0;297693000000;297857000000;292776000000;2999;2955;59;742057000000;0;142314000000;268571000000;250857000000;745714000000;294;206;29
sj;1997;15;09/04/1997;602;69825;2164286;2027714;665;296596000000;296636000000;291843000000;3007;2943;1873;7485;665;134929000000;238571000000;253571000000;561429000000;311;217;6
sj;1997;16;16/04/1997;33075;5155;2085429;2354857;0;297179000000;297464000000;291674000000;2996;2951;75;715586000000;0;1335;278571000000;259;792857000000;317;200;8
sj;1997;17;23/04/1997;388;23;2024429;2222571;0;298821000000;29905;294099000000;3017;2967;162;754171000000;0;155014000000;384286000000;276714000000;961429000000;344;211;0
sj;1997;18;30/04/1997;-35;7333333;1991;1928833;573;299204000000;299386000000;29482;3017;2967;40;769529000000;573;1617;345714000000;277714000000;827143000000;339;228;5
sj;1997;19;07/05/1997;-597;331;1650857;1324571;0;29935;299507000000;294727000000;3011;2978;15;758786000000;0;160786000000;27;279286000000;842857000000;339;233;3
sj;1997;20;14/05/1997;1019;747;1175167;1297857;3303;29885;298986000000;294799000000;3014;2971;273;785371000000;3303;161443000000;254286000000;275714000000;867143000000;328;222;126
sj;1997;21;21/05/1997;798;1065333;1590333;9873333;0;299241000000;299386000000;294661000000;3011;2978;101;759829000000;0;159971000000;242857000000;275857000000;708571000000;322;239;129
sj;1997;22;28/05/1997;235;5535;2090857;1450571;641;299281000000;299436000000;295263000000;3014;2977;105;787114000000;641;1666;267143000000;273143000000;702857000000;317;228;305
sj;1997;23;04/06/1997;557;8895;1841571;1623571;11835;298996000000;299043000000;295979000000;3006;2979;417;834857000000;11835;173686000000;197143000000;272714000000;707143000000;328;222;313
sj;1997;24;11/06/1997;1197;904;1477167;1914143;0;300001000000;300264000000;296174000000;3023;2982;99;797457000000;0;1762;287143000000;286;70;328;239;3
sj;1997;25;18/06/1997;108;5426667;1710429;2157;243;300367000000;3006;296411000000;3026;2980;78;793643000000;243;178471000000;291429000000;290143000000;751429000000;339;239;5
sj;1997;26;25/06/1997;749;7762;1302143;1368;3469;300044000000;300093000000;296323000000;3020;2984;234;802457000000;3469;177329000000;218571000000;286571000000;668571000000;328;239;186
sj;1997;27;02/07/1997;1012;9026667;1940286;1983714;3884;300296000000;300514000000;296239000000;3023;2983;243;786386000000;3884;176357000000;291429000000;284143000000;642857000000;322;244;41
sj;1997;28;09/07/1997;883;7483333;1354571;1118571;587;300489000000;300643000000;296416000000;3023;2990;213;7862;587;178457000000;242857000000;290143000000;754286000000;339;239;87
sj;1997;29;16/07/1997;-562;112;1573143;1659714;2442;300094000000;300171000000;296511000000;3022;2981;354;809171000000;2442;179486000000;254286000000;286143000000;674286000000;328;244;409
sj;1997;30;23/07/1997;-1562;0;1646429;1496857;4134;299959000000;299943000000;296603000000;3027;2982;7374;821329000000;4134;180457000000;177143000000;279;628571000000;317;233;512
sj;1997;31;30/07/1997;1393;7825;2511714;1919429;299;300117000000;300214000000;296216000000;3024;2978;336;794543000000;299;176171000000;274286000000;278286000000;66;317;228;163
sj;1997;32;06/08/1997;981;981;1404571;1142286;1957;300294000000;300414000000;296736000000;3025;2978;286;811043000000;1957;1818;251429000000;286429000000;594286000000;322;250;52
sj;1997;33;13/08/1997;8933333;46675;1411;1585714;5765;29984;299993000000;296573000000;3019;2981;4279;823929000000;5765;179886000000;247143000000;282857000000;661429000000;328;239;534
sj;1997;34;20/08/1997;0;11135;1741857;1446;2035;299761000000;2998;296659000000;3018;2982;457;8328;2035;180914000000;202857000000;284143000000;651429000000;322;244;523
sj;1997;35;27/08/1997;6065;8936667;1869714;2091857;9472;300266000000;300336000000;296704000000;3025;2988;359;811429000000;9472;181829000000;21;279857000000;644286000000;322;228;500
sj;1997;36;03/09/1997;1072;1159667;2084;1735571;883;300139000000;300121000000;296804000000;3020;2985;359;8222;883;183086000000;207143000000;287286000000;658571000000;328;250;170
sj;1997;37;10/09/1997;3495;815;1973143;1827714;1147;300549000000;300721000000;297414000000;3026;2989;464;831643000000;1147;190443000000;258571000000;289571000000;612857000000;328;244;158
sj;1997;38;17/09/1997;-49;1545;1992286;1866286;8614;300683000000;300807000000;297247000000;3036;2990;3689;818086000000;8614;188286000000;258571000000;289;667143000000;344;250;181
sj;1997;39;24/09/1997;12258;9823333;1432143;1434143;1318;30042;300514000000;296386000000;3026;2980;396;7878;1318;178286000000;24;284;674286000000;322;239;254
sj;1997;40;01/10/1997;1123;1054;2000571;1438857;4615;300133000000;300207000000;297269000000;3026;2987;390;844371000000;4615;188143000000;212857000000;275857000000;675714000000;322;217;312
sj;1997;41;08/10/1997;19;95825;9027143;999;7029;300564000000;300736000000;296787000000;3032;2985;260;800843000000;7029;1831;264286000000;285;73;333;233;444
sj;1997;42;15/10/1997;-1515;831;2018667;2107333;9933;299479000000;299436000000;296436000000;3029;2976;1820;835757000000;9933;179271000000;184286000000;273571000000;642857000000;311;228;63
sj;1997;43;22/10/1997;0;1966;3152429;2916429;8085;299609000000;299843000000;296304000000;3023;2964;2734;822343000000;8085;178186000000;334286000000;277;588571000000;328;239;87
sj;1997;44;29/10/1997;0;1695;2978143;2102;78;300381000000;30055;296101000000;3023;2981;727;775329000000;78;175514000000;27;283857000000;581429000000;328;244;0
sj;1997;45;05/11/1997;7745;0;1989571;1767429;208;300031000000;300093000000;295696000000;3019;2986;95;773071000000;208;170957000000;204286000000;277429000000;611429000000;311;239;271
sj;1997;46;12/11/1997;695;12345;1481429;1022714;1883;299687000000;299793000000;295346000000;3026;2979;90;771629000000;1883;167643000000;224286000000;273429000000;74;328;228;346
sj;1997;47;19/11/1997;0;-1026;2017857;1477857;5055;299491000000;299529000000;296313000000;3018;2980;405;827657000000;5055;177386000000;18;273286000000;60;311;239;61
sj;1997;48;26/11/1997;2192;1606;1749286;2117571;476;29962;2997;296337000000;3019;2979;429;8227;476;177714000000;22;272571000000;567143000000;306;239;818
sj;1997;49;03/12/1997;568;661;3493143;3120714;301;299456000000;299507000000;295576000000;3013;2982;147;793957000000;301;170014000000;187143000000;266714000000;661429000000;317;233;399
sj;1997;50;10/12/1997;0;-448;2314143;2354714;0;300133000000;30035;295153000000;3020;2988;3;742814000000;0;1653;267143000000;267571000000;825714000000;322;217;0
sj;1997;51;17/12/1997;0;1;2579571;2339;0;299639000000;299664000000;294796000000;3016;2981;39;747957000000;0;161457000000;247143000000;265714000000;73;322;222;15
sj;1997;52;24/12/1997;663;75925;2132111;2257889;2252;299214000000;299286000000;295351000000;3017;2976;163;7947;2252;167043000000;257143000000;267143000000;757143000000;317;222;173
sj;1998;1;01/01/1998;455;478;1239857;8344286;0;0;0;0;0;0;0;0;0;0;0;0;0;0;0;0
sj;1998;2;08/01/1998;5076667;341;2233714;1341571;1059;298827000000;298993000000;29503;3007;2972;444;796314000000;1059;163629000000;215714000000;263571000000;614286000000;317;228;333
sj;1998;3;15/01/1998;-1615;-8225;2047143;1985714;10697;297613000000;297686000000;294853000000;3002;2964;532;846943000000;10697;162086000000;188571000000;248857000000;585714000000;294;206;1524
sj;1998;4;22/01/1998;1797;3345;2514571;1921;0;298611000000;2988;29451;3006;2968;84;781829000000;0;158814000000;24;256143000000;648571000000;294;211;48
sj;1998;5;29/01/1998;13155;45825;1461143;1313571;772;298694000000;298857000000;29419;3006;2970;163;762614000000;772;155614000000;234286000000;265429000000;725714000000;311;222;13
sj;1998;6;05/02/1998;-479;-525;1274857;9734286;0;298579000000;298807000000;293971000000;3013;2966;86;757771000000;0;153614000000;327143000000;265857000000;811429000000;317;211;0
sj;1998;7;12/02/1998;11825;559;1819;1763143;1426;299059000000;29925;295629000000;3022;2967;185;816129000000;1426;170886000000;295714000000;272571000000;69;322;228;792
sj;1998;8;19/02/1998;0;754;2395714;2387;0;29759;297836000000;291901000000;3002;2962;31;707014000000;0;135129000000;224286000000;244143000000;608571000000;289;200;87
sj;1998;9;26/02/1998;1545;849;24338;1549833;0;298893000000;299129000000;294114000000;3006;2978;11;750157000000;0;154771000000;228571000000;262714000000;794286000000;311;211;64
sj;1998;10;05/03/1998;6366667;9633333;1728429;1622143;0;297656000000;297793000000;2935;3011;2950;103;779243000000;0;149357000000;284286000000;256143000000;725714000000;322;211;70
sj;1998;11;12/03/1998;0;797;1391714;1625286;0;298279000000;298386000000;294697000000;3012;2957;4278;807786000000;0;160814000000;222857000000;258143000000;69;322;211;151
sj;1998;12;19/03/1998;604;8823333;2129286;2124143;0;298176000000;298371000000;292907000000;3004;2962;6;726429000000;0;143671000000;251429000000;248857000000;701429000000;289;206;277
sj;1998;13;26/03/1998;0;731;1881667;1685;0;298503000000;298664000000;294099000000;3007;2965;210;766757000000;0;1548;255714000000;262286000000;69;311;222;165
sj;1998;14;02/04/1998;672;2766667;1485333;1277429;7298;298044000000;298193000000;294629000000;3011;2965;412;814057000000;7298;159986000000;252857000000;257143000000;62;317;217;155
sj;1998;15;09/04/1998;48;652;9894286;1027714;1201;297871000000;2982;294216000000;3008;2956;190;8019;1201;156357000000;30;260286000000;635714000000;317;217;107
sj;1998;16;16/04/1998;308;76;1139714;1258571;0;298473000000;298579000000;29497;3007;2965;239;811457000000;0;164029000000;215714000000;269286000000;611429000000;339;222;79
sj;1998;17;23/04/1998;671;9136667;1444857;1479571;2222;297736000000;297793000000;293543000000;2998;2962;243;777129000000;2222;150143000000;215714000000;256;585714000000;294;217;734
sj;1998;18;30/04/1998;1063;461;2191857;2073286;7164;299566000000;299836000000;295834000000;3015;2982;117;800729000000;7164;172314000000;235714000000;268714000000;69;311;228;163
sj;1998;19;07/05/1998;0;9693333;1582429;1198143;0;299133000000;299293000000;294827000000;3013;2977;176;773314000000;0;162214000000;218571000000;267857000000;62;311;222;69
sj;1998;20;14/05/1998;0;4255;1317833;1003;5576;2992;2994;29511;3029;2966;103;784014000000;5576;165029000000;362857000000;271429000000;701429000000;339;222;71
sj;1998;21;21/05/1998;-3;33625;1648667;1742;564;300024000000;300086000000;297063000000;3029;2978;537;840714000000;564;186143000000;282857000000;279143000000;697143000000;344;233;591
sj;1998;22;28/05/1998;484;372;1550833;1645167;1586;299843000000;299936000000;29702;3023;2984;594;846357000000;1586;185114000000;218571000000;279714000000;565714000000;311;244;138
sj;1998;23;04/06/1998;-427;7076667;1536;1221429;819;299619000000;299807000000;296351000000;3014;2981;358;8246;819;177657000000;232857000000;278571000000;62;322;239;105
sj;1998;24;11/06/1998;12125;12125;2368143;2751714;8621;300757000000;300843000000;297451000000;3027;2992;207;823057000000;8621;189914000000;242857000000;284286000000;698571000000;328;239;386
sj;1998;25;18/06/1998;725;509;2078286;1756286;4952;300517000000;300564000000;296436000000;3030;2989;154;7853;4952;178543000000;238571000000;281;652857000000;328;239;234
sj;1998;26;25/06/1998;3745;167;1447;1523571;7208;299944000000;29995;296996000000;3023;2983;7133;840257000000;7208;1847;235714000000;282143000000;674286000000;322;239;206
sj;1998;27;02/07/1998;715;96075;1718429;1558857;2006;300596000000;300721000000;296847000000;3027;2990;3331;800857000000;2006;182786000000;23;286143000000;585714000000;322;250;0
sj;1998;28;09/07/1998;-3095;628;1886286;1695286;5405;300453000000;300436000000;296924000000;3029;2985;4531;8129;5405;183914000000;23;283857000000;674286000000;328;228;117
sj;1998;29;16/07/1998;289;4713333;8254286;6893333;1042;300337000000;300457000000;296289000000;3028;2981;3086;7899;1042;177157000000;271429000000;283857000000;707143000000;333;239;625
sj;1998;30;23/07/1998;554;1065;1776429;1602571;6874;299823000000;299886000000;296503000000;3022;2981;9368;822129000000;6874;179457000000;188571000000;275571000000;668571000000;317;239;819
sj;1998;31;30/07/1998;14065;127;26975;2465286;1603;300061000000;300036000000;297039000000;3020;2985;10787;837429000000;1603;185471000000;204286000000;282714000000;572857000000;317;239;205
sj;1998;32;06/08/1998;2866667;57625;1758571;1526857;2579;300663000000;300886000000;297127000000;3032;2986;277;812171000000;2579;186314000000;291429000000;284571000000;618571000000;322;244;62
sj;1998;33;13/08/1998;5346667;935;1854333;1739;3844;300669000000;300621000000;297457000000;3031;2989;559;828;3844;190157000000;227143000000;290714000000;634286000000;328;244;38
sj;1998;34;20/08/1998;1072;567;1809667;1720333;2434;300367000000;30035;297467000000;3030;2989;632;842029000000;2434;1901;172857000000;292143000000;641429000000;328;250;204
sj;1998;35;27/08/1998;307;7575;1548167;1902571;9658;300469000000;300579000000;297401000000;3031;2987;983;8345;9658;190271000000;267143000000;280429000000;682857000000;339;233;1464
sj;1998;36;03/09/1998;388;5403333;1585429;1456429;4774;300687000000;300707000000;297329000000;3034;2984;525;821929000000;4774;189086000000;29;287571000000;712857000000;339;228;274
sj;1998;37;10/09/1998;7465;5796667;1518857;122;7273;300147000000;3002;29716;3020;2987;736;840029000000;7273;187243000000;202857000000;283286000000;684286000000;322;244;613
sj;1998;38;17/09/1998;0;401;1554833;14148;3503;300587000000;300607000000;297276000000;3030;2988;3383;823329000000;3503;188471000000;218571000000;287286000000;698571000000;344;244;397
sj;1998;39;24/09/1998;5085;4685;2315857;2066857;8287;30013;300186000000;29706;3021;2988;558;833314000000;8287;185814000000;185714000000;277714000000;622857000000;322;244;1236
sj;1998;40;01/10/1998;-22;382;1618857;1683143;22361;300597000000;300757000000;296539000000;3029;2985;1244;787829000000;22361;180614000000;28;279143000000;628571000000;328;239;247
sj;1998;41;08/10/1998;0;-19;1630571;1492;3326;300713000000;300743000000;296921000000;3029;2989;283;799986000000;3326;184186000000;234286000000;282571000000;55;317;244;250
sj;1998;42;15/10/1998;0;8155;1864143;1386857;2594;300796000000;300857000000;296613000000;3029;2993;185;780986000000;2594;180914000000;268571000000;277571000000;631429000000;317;233;155
sj;1998;43;22/10/1998;213;85;1969667;1962;3209;300247000000;300236000000;2969;3019;2988;365;820386000000;3209;1841;212857000000;281571000000;692857000000;339;239;267
sj;1998;44;29/10/1998;-359;-726;1117286;9242857;18246;299849000000;299986000000;296867000000;3021;2977;924;838657000000;18246;183757000000;208571000000;277143000000;612857000000;328;233;546
sj;1998;45;05/11/1998;0;-225;2212286;1698;12165;299653000000;299693000000;296943000000;3017;2985;895;8512;12165;184843000000;178571000000;274286000000;645714000000;311;233;815
sj;1998;46;12/11/1998;3866667;-5725;1859167;9834286;1807;300003000000;30005;29642;3024;2979;361;809143000000;1807;178686000000;207143000000;277857000000;667143000000;328;233;87
sj;1998;47;19/11/1998;0;0;2537429;2166143;11003;298676000000;298657000000;296183000000;3003;2973;1434;862143000000;11003;176271000000;148571000000;267286000000;621429000000;306;233;713
sj;1998;48;26/11/1998;501;6575;1662429;1467571;0;299233000000;299321000000;295493000000;3014;2974;571;800214000000;0;168671000000;201429000000;265571000000;568571000000;300;228;298
sj;1998;49;03/12/1998;5675;6565;6918571;5278571;2235;298301000000;298257000000;295173000000;3004;2965;11577;830243000000;2235;165871000000;188571000000;256429000000;594286000000;294;222;482
sj;1998;50;10/12/1998;619;2633333;2133;1730143;15294;298094000000;29815;29554;2998;2971;15872;859114000000;15294;169657000000;135714000000;258143000000;501429000000;289;228;976
sj;1998;51;17/12/1998;-8216667;-91675;2399;1700571;1676;299043000000;2991;295033000000;3009;2976;102;786686000000;1676;164086000000;197143000000;260714000000;554286000000;311;228;189
sj;1998;52;24/12/1998;6056667;-13095;15715;981875;0;299283000000;299436000000;295216000000;3014;2980;128;784186000000;0;165643000000;212857000000;259286000000;604286000000;300;222;297
