city,year,weekofyear,week_start_date,ndvi_ne,ndvi_nw,ndvi_se,ndvi_sw,precipitation_amt_mm,reanalysis_air_temp_k,reanalysis_avg_temp_k,reanalysis_dew_point_temp_k,reanalysis_max_air_temp_k,reanalysis_min_air_temp_k,reanalysis_precip_amt_kg_per_m2,reanalysis_relative_humidity_percent,reanalysis_sat_precip_amt_mm,reanalysis_specific_humidity_g_per_kg,reanalysis_tdtr_k,station_avg_temp_c,station_diur_temp_rng_c,station_max_temp_c,station_min_temp_c,station_precip_mm
sj,1992,2,1992-01-08,0.1008333,0.073575,0.1387143,0.1127857,200.85,297.912857143,298.121428571,294.457142857,300.4,296.1,18.3,81.3,200.85,15.8785714286,2.3,25.6571428571,7.5,30.6,20.6,58.2
sj,1992,3,1992-01-15,0.2224,0.2299,0.1984571,0.1994143,3.12,297.338571429,297.485714286,294.467142857,300.2,295.6,19.8,84.1171428571,3.12,15.8328571429,1.85714285714,25.4714285714,6.17142857143,31.1,21.7,32.3
sj,1992,4,1992-01-22,0.1225333,0.13105,0.1888429,0.1688714,0.0,297.091428571,297.335714286,293.021428571,299.5,295.6,5.11,78.2914285714,0.0,14.4828571429,2.35714285714,24.8571428571,7.44285714286,30.6,20.0,1.3
sj,1992,5,1992-01-29,0,0.0483,0.1736714,0.1919286,0.0,297.42,297.55,292.718571429,299.3,295.5,6.5,75.22,0.0,14.1857142857,2.44285714286,24.8,6.58571428571,28.9,20.0,9.2
sj,1992,6,1992-02-05,0.1016,0.0846,0.1117167,0.1879571,0.0,296.92,297.128571429,292.617142857,300.7,294.5,16.2,77.0585714286,0.0,14.1228571429,3.4,24.7142857143,7.35714285714,30.6,20.0,3.0
sj,1992,7,1992-02-12,0,0.1305,0.1957429,0.1788571,0,297.798571429,298.057142857,294.65,300.2,295.3,20.1,82.8757142857,0,16.06,2.2,26.0285714286,6.57142857143,32.2,20.0,1.3
sj,1992,8,1992-02-19,0,0.1844667,0.1946143,0.2030571,0,297.898571429,298.107142857,293.628571429,300.1,296.3,4.4,77.2957142857,0,15.0128571429,2.58571428571,25.7571428571,7.38571428571,33.9,21.7,8.9
sj,1992,9,1992-02-26,0.10705,0.0815,0.1652429,0.1630571,0,297.472857143,297.678571429,292.967142857,299.3,296.3,14.4,76.0371428571,0,14.3814285714,2.41428571429,25.2857142857,6.17142857143,29.4,21.7,16.0
sj,1992,10,1992-03-04,0,0.18218,0.1910857,0.1928571,0.0,297.651428571,297.8,293.317142857,299.8,295.7,5.5,76.8785714286,0.0,14.7014285714,2.31428571429,25.6571428571,7.81428571429,31.1,20.6,2.9
sj,1992,11,1992-03-11,0.08685,0.09015,128,0.1551,23.22,297.634285714,297.785714286,293.54,299.6,296.1,12.6,78.0571428571,23.22,14.9442857143,2.51428571429,25.7857142857,7.75714285714,31.7,21.7,5.9
sj,1992,12,1992-03-18,0.05305,0.08405,0.1417714,0.1345143,0.0,297.947142857,298.15,293.708571429,300.4,295.5,3.56,77.5057142857,0.0,15.1357142857,2.7,26.1,7.85714285714,31.1,21.7,4.8
sj,1992,13,1992-03-25,0,0,0.1348429,0.1068,0.0,297.218571429,297.428571429,293.578571429,300.3,295.8,21.0,80.2385714286,0.0,14.9685714286,2.8,26.2,5.71428571429,32.2,22.2,2.3
sj,1992,14,1992-04-01,0.09995,0.07765,0.1930667,0.1769,122.27,297.982857143,298.071428571,293.884285714,300.2,296.0,16.2,78.0671428571,122.27,15.2642857143,2.74285714286,26.2285714286,7.52857142857,31.1,21.7,24.1
sj,1992,15,1992-04-08,0.1039,0.1315,0.1224714,0.1243857,43.21,298.682857143,298.878571429,294.195714286,301.6,295.9,11.1,76.3757142857,43.21,15.6128571429,3.61428571429,26.9857142857,7.84285714286,32.8,21.7,0.0
sj,1992,16,1992-04-15,0.07515,0.09743333,0.1590286,0.1729857,83.11,297.831428571,298.0,294.942857143,300.4,296.6,70.6,84.1842857143,83.11,16.3242857143,2.14285714286,26.8142857143,5.88571428571,31.7,22.8,24.5
sj,1992,17,1992-04-22,0.0922,0.1137,0.1514143,0.1548286,36.16,298.088571429,298.257142857,294.048571429,300.6,296.5,25.8,78.4257142857,36.16,15.4528571429,2.82857142857,26.6714285714,7.24285714286,31.7,22.2,4.6
sj,1992,18,1992-04-29,0.0125,0.0635,0.07031429,0.08944286,0.0,298.197142857,298.521428571,293.4,302.1,295.6,4.0,74.9328571429,0.0,14.9,3.61428571429,27.3714285714,6.5,33.9,23.3,1.6
sj,1992,19,1992-05-06,0.10875,0.2169,0.1823286,0.2073571,13.92,298.335714286,298.442857143,294.221428571,302.1,296.0,45.0,78.48,13.92,15.75,3.0,26.7857142857,6.91428571429,33.9,22.2,32.0
sj,1992,20,1992-05-13,0.101875,-0.0088,0.1420667,0.1259,2.94,298.334285714,298.514285714,294.275714286,300.4,296.4,27.5,78.3814285714,2.94,15.6871428571,2.22857142857,27.4428571429,5.95714285714,31.1,22.8,8.1
sj,1992,21,1992-05-20,0.1024,0.0686,0.06238333,0.0574,71.85,298.408571429,298.557142857,295.767142857,301.0,296.8,570.5,85.6471428571,71.85,17.2328571429,2.71428571429,27.8571428571,6.77142857143,32.8,23.3,22.1
sj,1992,22,1992-05-27,0.1215,0,0.2191571,0.2130143,186.25,298.615714286,298.75,296.334285714,301.4,297.0,130.3,87.3014285714,186.25,17.8328571429,2.35714285714,27.4285714286,5.95714285714,31.7,23.9,80.2
sj,1992,23,1992-06-03,0.12165,0.13995,0.1100857,0.1022286,42.24,299.104285714,299.228571429,296.522857143,301.0,297.8,50.0,85.8271428571,42.24,17.9957142857,2.11428571429,27.5,6.91428571429,31.7,22.8,103.9
sj,1992,24,1992-06-10,0.08395,0.0856,0.1023714,0.1117714,43.21,298.901428571,298.964285714,296.154285714,300.5,297.6,43.8,84.87,43.21,17.57,1.98571428571,28.2,6.87142857143,32.8,24.4,102.4
sj,1992,25,1992-06-17,0.10445,0.15315,0.1811571,0.1920857,52.07,298.931428571,298.957142857,296.042857143,301.0,297.0,37.1,84.2485714286,52.07,17.4414285714,2.0,28.2857142857,6.74285714286,32.8,24.4,29.8
sj,1992,26,1992-06-24,0.1302,0.1302,0.13938,0.11475,52.96,299.568571429,299.55,296.384285714,301.8,298.0,33.7,82.7771428571,52.96,17.8071428571,1.72857142857,28.4857142857,7.02857142857,32.8,23.9,5.4
sj,1992,27,1992-07-01,0.1194,0.1439,0.1693286,0.1684714,10.74,300.177142857,300.378571429,296.275714286,301.8,298.3,10.0,79.3342857143,10.74,17.6671428571,2.27142857143,29.2285714286,6.64285714286,33.3,25.6,3.1
sj,1992,28,1992-07-08,0,192,0.1468571,0.1530714,1.86,300.285714286,300.564285714,296.198571429,302.2,298.7,5.4,78.4971428571,1.86,17.5685714286,2.78571428571,28.7285714286,6.61428571429,32.8,24.4,1.8
sj,1992,29,1992-07-15,112,0.1255,0.14214,0.1825333,94.14,299.79,299.828571429,296.052857143,301.8,298.0,46.1,80.15,94.14,17.43,2.0,27.6285714286,6.04285714286,31.7,23.9,45.2
sj,1992,30,1992-07-22,-0.1396,0.05918,0.1371286,0.1288714,33.51,299.227142857,299.371428571,295.875714286,301.1,298.0,69.04,81.9842857143,33.51,17.2485714286,2.02857142857,27.5571428571,6.85714285714,31.7,23.3,41.0
sj,1992,31,1992-07-29,0.0539,0.1261333,0.1337714,0.1499143,31.12,299.025714286,299.107142857,295.745714286,300.8,297.7,58.8,82.3457142857,31.12,17.1142857143,1.81428571429,27.9714285714,6.92857142857,32.2,22.8,14.2
sj,1992,32,1992-08-05,0.152675,0.173275,0.1500429,0.1450571,59.22,299.755714286,299.914285714,296.158571429,301.5,297.6,27.1,80.7842857143,59.22,17.5471428571,2.42857142857,28.0714285714,6.1,31.7,23.3,16.6
sj,1992,33,1992-08-12,0.16395,0.12665,0.2150571,0.2192714,65.55,299.215714286,299.221428571,296.007142857,301.3,297.8,81.8,82.75,65.55,17.4157142857,1.95714285714,27.6714285714,7.55714285714,31.7,22.8,41.9
sj,1992,34,1992-08-19,0.1146,0.1368,0.1855857,0.1925714,68.22,299.491428571,299.735714286,296.214285714,301.9,298.3,61.6,82.3171428571,68.22,17.6014285714,2.24285714286,28.2142857143,6.92857142857,33.9,24.4,42.7
sj,1992,35,1992-08-26,0.0875,0.0817,0.1799429,0.2217571,27.7,300.067142857,300.157142857,296.057142857,302.2,298.1,28.9,78.8642857143,27.7,17.4585714286,2.42857142857,28.2714285714,6.82857142857,32.2,23.9,3.1
sj,1992,36,1992-09-02,0,0.2175,0.1240143,0.1256571,61.55,300.108571429,300.157142857,296.175714286,302.0,298.4,34.36,79.2042857143,61.55,17.5642857143,2.2,28.7285714286,7.48571428571,34.4,24.4,6.5
sj,1992,37,1992-09-09,0.123975,0.1768,0.2357429,0.2148286,21.34,299.727142857,299.757142857,295.937142857,302.2,298.2,87.2,79.93,21.34,17.3528571429,2.02857142857,28.0285714286,6.54285714286,32.2,23.9,23.6
sj,1992,38,1992-09-16,0.0519,0.07226667,0.1775714,0.1588143,41.32,299.978571429,300.071428571,296.111428571,302.2,298.4,32.6,79.5257142857,41.32,17.5414285714,2.34285714286,28.1428571429,7.08571428571,32.8,23.9,28.9
sj,1992,39,1992-09-23,0.1435,0.1435,0.1984,0.2122714,95.55,299.292857143,299.378571429,296.281428571,301.4,297.9,116.79,83.7,95.55,17.7514285714,2.04285714286,27.5571428571,7.24285714286,32.8,23.3,60.9
sj,1992,40,1992-09-30,0.1972,0.12715,0.1581333,0.09435,97.7,299.624285714,299.707142857,296.13,302.3,297.6,34.2,81.2971428571,97.7,17.6042857143,2.3,27.9714285714,7.22857142857,33.3,23.3,22.6
sj,1992,41,1992-10-07,0.137225,0.10745,0.1771857,0.1911,23.1,300.267142857,300.328571429,296.424285714,302.8,298.3,19.4,79.7371428571,23.1,17.8971428571,3.25714285714,28.8857142857,7.8,35.0,23.9,0.0
sj,1992,42,1992-10-14,0.3371,0.1979,0.1945857,0.1832286,18.95,300.118571429,300.228571429,295.892857143,302.6,297.7,11.3,77.8342857143,18.95,17.3085714286,2.97142857143,29.1571428571,7.11428571429,33.3,25.0,8.0
sj,1992,43,1992-10-21,-0.0156,0.0312,0.1042167,0.1129833,12.18,299.848571429,299.914285714,295.645714286,301.6,298.4,21.5,77.8757142857,12.18,17.0442857143,2.51428571429,28.6571428571,7.45714285714,32.8,23.9,11.9
sj,1992,44,1992-10-28,0.1242,0.1254,0.1156,0.1124286,80.58,299.802857143,299.842857143,295.805714286,302.3,297.0,25.0,78.91,80.58,17.2471428571,3.02857142857,28.6714285714,7.28571428571,33.3,23.9,18.6
sj,1992,45,1992-11-04,0.0866,0.1209667,0.2244429,0.2498571,64.0,299.807142857,299.85,296.27,301.5,298.5,27.7,81.0528571429,64.0,17.73,2.07142857143,28.3857142857,7.7,33.3,22.2,14.2
sj,1992,46,1992-11-11,118,0.1422,0.08945,0.0668,40.06,299.041428571,299.207142857,295.074285714,300.9,297.4,31.72,79.0128571429,40.06,16.4814285714,2.41428571429,27.5428571429,6.84285714286,31.7,22.8,161.0
sj,1992,47,1992-11-18,0.0764,0.05613333,0.1343714,0.06401429,43.44,298.342857143,298.285714286,294.652857143,300.6,296.6,49.97,80.2557142857,43.44,16.0671428571,1.82857142857,26.6857142857,7.0,31.1,22.2,26.1
sj,1992,48,1992-11-25,0.0971,0.1026333,0.1617143,0.1198286,47.42,298.664285714,298.742857143,296.041428571,301.1,296.9,128.1,85.5871428571,47.42,17.5285714286,2.0,27.4,6.77142857143,32.8,23.3,46.3
sj,1992,49,1992-12-02,0.1083,0.074125,0.1750667,0.15275,53.73,298.46,298.55,295.252857143,300.6,297.0,54.8,82.6485714286,53.73,16.6785714286,1.92857142857,26.6285714286,7.24285714286,31.1,22.2,62.6
sj,1992,50,1992-12-09,0.0547,0.1099,0.1981571,0.2159667,86.28,298.734285714,298.914285714,294.65,300.5,297.5,19.23,78.3114285714,86.28,16.0242857143,2.11428571429,26.9142857143,7.18571428571,31.1,22.2,9.4
sj,1992,51,1992-12-16,0,0.066425,0.1923429,0.1941286,0.0,298.285714286,298.507142857,293.828571429,300.7,296.4,24.94,76.6614285714,0.0,15.2514285714,2.64285714286,26.6857142857,8.38571428571,32.2,21.7,47.5
sj,1992,52,1992-12-23,-0.01008,0.06821667,0.0869,0.0733125,0.0,297.172857143,297.35,292.8,299.1,296.1,23.8,76.7571428571,0.0,14.3242857143,1.92857142857,25.9142857143,6.48571428571,29.4,21.7,5.5
sj,1993,1,1993-01-08,0.02835,0.04366667,0.07865714,0.04645714,46.79,297.467142857,297.55,294.15,299.4,296.1,41.9,81.8785714286,46.79,15.52,1.9,25.8714285714,6.5,30.6,21.7,28.0
sj,1993,2,1993-01-15,0.03006667,0.03785,0.1318857,0.1092,0.0,297.331428571,297.342857143,293.068571429,299.2,296.2,27.5,77.1442857143,0.0,14.4671428571,1.71428571429,24.5,7.04285714286,28.3,20.6,23.5
sj,1993,3,1993-01-22,0,0.11345,0.2260571,0.2200286,0.0,297.401428571,297.628571429,293.075714286,299.5,296.2,11.2,76.9842857143,0.0,14.49,2.2,24.8571428571,7.12857142857,30.0,20.0,6.6
sj,1993,4,1993-01-29,0.06613333,0.05705,0.1303667,0.1473833,0.0,296.967142857,297.128571429,292.841428571,299.2,295.5,21.8,77.8628571429,0.0,14.3071428571,2.08571428571,24.4,6.1,28.9,20.0,15.2
sj,1993,5,1993-02-05,0.047425,0.02253333,0.09238571,0.09468571,75.97,297.624285714,297.685714286,294.032857143,300.4,295.6,26.3,80.61,75.97,15.4528571429,2.08571428571,26.6714285714,7.64285714286,31.7,19.4,9.4
sj,1993,6,1993-02-12,0.2738,0.0558,0.2020857,0.2047857,0.0,296.594285714,296.8,292.871428571,299.7,294.7,14.3,79.8257142857,0.0,14.3857142857,2.34285714286,25.4285714286,6.74285714286,30.0,20.6,2.1
sj,1993,7,1993-02-19,0.1108667,0.173375,0.2375143,0.2274143,14.71,297.76,297.971428571,293.342857143,299.6,296.4,7.2,76.5328571429,14.71,14.7528571429,2.48571428571,26.2714285714,8.1,31.7,20.6,2.8
sj,1993,8,1993-02-26,0,0.1339,0.2699286,0.2615857,0.0,296.768571429,296.871428571,292.301428571,300.1,294.6,21.5,76.2171428571,0.0,13.8271428571,2.77142857143,25.7,7.3,32.2,20.6,5.5
sj,1993,9,1993-03-05,0.1744667,0.1338,0.1584833,0.1399167,0.0,297.014285714,297.242857143,291.911428571,299.7,295.2,1.8,73.2257142857,0.0,13.4942857143,2.8,25.5714285714,8.15714285714,30.0,21.1,2.3
sj,1993,10,1993-03-12,0.09403333,214,0.2035714,0.2538286,0.0,296.425714286,296.642857143,290.775714286,298.9,294.1,2.7,70.6457142857,0.0,12.5828571429,2.48571428571,24.9,7.61428571429,29.4,19.4,2.5
sj,1993,11,1993-03-19,-0.0411,-0.0436,0.1725333,0.1717714,9.68,297.855714286,298.014285714,293.692857143,300.4,295.5,10.5,77.7842857143,9.68,15.0642857143,2.68571428571,26.9285714286,8.47142857143,33.3,21.1,0.5
sj,1993,12,1993-03-26,0.03225,0.10315,0.1850143,0.2041857,27.0,297.585714286,297.671428571,293.222857143,299.8,296.3,13.0,76.8485714286,27.0,14.6485714286,2.25714285714,26.1428571429,7.52857142857,31.1,20.6,12.8
sj,1993,13,1993-04-02,0.1194,0.08853333,0.1404714,0.1174286,0.0,297.34,297.442857143,293.812857143,299.4,295.7,20.27,80.7957142857,0.0,15.2,2.14285714286,26.8857142857,7.62857142857,32.8,22.2,4.1
sj,1993,14,1993-04-09,0,0.0423,0.1903667,0.2082143,7.49,297.745714286,297.892857143,293.752857143,300.1,296.2,14.2,78.5642857143,7.49,15.1628571429,2.35714285714,27.2,7.71428571429,32.8,21.1,4.6
sj,1993,15,1993-04-16,-0.0158,0.01885,68,0.0834,19.74,298.012857143,298.0,294.065714286,300.1,295.9,23.2,78.9614285714,19.74,15.5,3.05714285714,27.0714285714,7.78571428571,33.3,22.2,11.7
sj,1993,16,1993-04-23,0.0828,0.0788,0.1334571,0.1317,114.85,297.528571429,297.742857143,294.072857143,300.1,294.5,63.49,81.2714285714,114.85,15.4885714286,2.77142857143,25.8714285714,7.44285714286,31.1,21.7,8.4
sj,1993,17,1993-04-30,0,0.09256667,0.1315167,0.1252286,33.35,298.591428571,298.692857143,295.194285714,300.4,297.0,34.3,81.6557142857,33.35,16.5971428571,2.47142857143,27.4857142857,8.38571428571,32.8,22.2,28.3
sj,1993,18,1993-05-07,0.07965,0.06415,0.1547429,0.1291571,37.35,298.152857143,298.185714286,295.26,300.1,296.9,40.7,84.0814285714,37.35,16.6585714286,1.85714285714,26.9428571429,6.27142857143,32.2,22.2,114.3
sj,1993,19,1993-05-14,0.07305,52,0.1074857,0.1070286,34.9,297.671428571,297.692857143,294.847142857,300.4,296.1,142.4,84.5214285714,34.9,16.2671428571,2.5,26.4714285714,6.0,31.1,22.8,18.3
sj,1993,20,1993-05-21,0.1769,0.0901,0.1792,0.1866833,14.84,298.604285714,298.721428571,295.324285714,301.2,296.4,55.67,82.4357142857,14.84,16.8571428571,2.21428571429,28.2285714286,7.22857142857,33.9,23.3,4.6
sj,1993,21,1993-05-28,0.01645,0.10485,0.05147143,0.0644,78.17,299.364285714,299.378571429,296.675714286,301.8,297.6,100.2,85.3985714286,78.17,18.1857142857,2.27142857143,28.9428571429,7.22857142857,33.9,23.3,32.1
sj,1993,22,1993-06-04,0.00305,0.0506,0.1981857,0.1761,62.2,298.844285714,298.914285714,296.451428571,301.4,297.3,93.2,86.9,62.2,17.9514285714,1.91428571429,27.6428571429,5.88571428571,31.1,22.8,58.3
sj,1993,23,1993-06-11,0.1206,0,0.1537714,0.1484857,8.48,300.658571429,300.735714286,296.978571429,302.8,298.5,20.2,80.6157142857,8.48,18.4914285714,2.64285714286,29.9,7.38571428571,34.4,25.0,1.3
sj,1993,24,1993-06-18,0,0.0785,0.2209429,0.2193714,30.65,299.184285714,299.264285714,295.742857143,301.0,297.7,55.5,81.4928571429,30.65,17.13,2.1,27.7285714286,6.78571428571,32.2,23.3,57.9
sj,1993,25,1993-06-25,0.0374,0.1399667,0.1681714,0.1343571,93.75,299.521428571,299.492857143,296.294285714,301.8,297.5,74.0,82.6085714286,93.75,17.7128571429,1.95714285714,27.3428571429,6.97142857143,33.3,22.2,60.4
sj,1993,26,1993-07-02,0.1237667,0.1522,0.2154143,0.2187714,8.49,299.704285714,299.842857143,296.51,301.6,298.2,27.5,82.8328571429,8.49,17.9228571429,2.0,28.8428571429,5.87142857143,32.8,25.0,7.2
sj,1993,27,1993-07-09,0.0689,0.09593333,0.1463429,0.1590429,37.28,299.567142857,299.628571429,296.03,301.6,297.5,72.8,81.1485714286,37.28,17.4071428571,1.88571428571,28.2428571429,6.84285714286,32.8,24.4,21.0
sj,1993,28,1993-07-16,0.0375,0.09203333,0.1833571,0.2203714,73.94,299.584285714,299.707142857,296.055714286,301.9,297.7,67.7,81.2157142857,73.94,17.46,2.5,27.8857142857,6.52857142857,32.2,22.2,92.2
sj,1993,29,1993-07-23,0.1204,0.1826,0.1665857,0.1923714,4.81,299.891428571,299.964285714,295.94,302.0,298.3,29.4,79.15,4.81,17.3171428571,2.47142857143,28.5,7.25714285714,33.3,24.4,13.0
sj,1993,30,1993-07-30,0.08285,0.10608,0.12255,0.1236,78.03,299.237142857,299.264285714,296.592857143,301.3,298.0,109.0,85.5514285714,78.03,18.0342857143,1.75714285714,27.9428571429,6.0,32.2,22.2,71.4
sj,1993,31,1993-08-06,0,0.1488,0.2467667,0.2581143,12.38,300.062857143,300.264285714,296.857142857,302.0,298.3,12.6,82.8828571429,12.38,18.3271428571,2.35714285714,29.0285714286,6.58571428571,32.8,24.4,0.8
sj,1993,32,1993-08-13,0.1016,0.1401,0.2187,0.1692571,7.25,300.121428571,300.35,296.561428571,302.0,298.7,21.8,81.0128571429,7.25,17.9885714286,2.32857142857,29.0285714286,6.25714285714,32.8,25.0,18.1
sj,1993,33,1993-08-20,0.0969,0.04966667,0.1970714,0.1632857,106.83,299.67,299.771428571,296.512857143,302.3,297.8,62.7,83.0757142857,106.83,17.9528571429,2.22857142857,29.4142857143,6.42857142857,33.9,24.4,12.7
sj,1993,34,1993-08-27,0.10885,0.24925,0.2105714,0.2159143,1.36,299.918571429,299.985714286,296.49,302.1,297.9,26.9,81.7271428571,1.36,17.9171428571,2.31428571429,28.9714285714,7.61428571429,33.3,24.4,17.1
sj,1993,35,1993-09-03,0.0979,0.1581,0.1638571,0.1509143,30.85,299.975714286,300.035714286,296.107142857,302.0,298.5,34.4,79.6285714286,30.85,17.5271428571,2.18571428571,28.6571428571,7.32857142857,32.8,24.4,28.8
sj,1993,36,1993-09-10,0.1121,0.0688,0.0596,0.05133333,43.26,299.761428571,299.857142857,296.128571429,302.6,298.2,42.1,80.6842857143,43.26,17.5614285714,2.17142857143,28.4285714286,7.88571428571,32.8,23.3,43.4
sj,1993,37,1993-09-17,0.1199,0.0971,0.2044429,0.1865857,14.42,299.672857143,299.785714286,296.291428571,301.9,298.3,50.0,81.7942857143,14.42,17.7042857143,1.94285714286,28.6,7.37142857143,32.8,23.9,23.1
sj,1993,38,1993-09-24,0.0054,0.063525,0.1392833,0.1168857,71.36,300.067142857,300.142857143,296.461428571,302.4,298.2,57.9,80.9014285714,71.36,17.9528571429,2.68571428571,28.1571428571,6.92857142857,32.8,23.3,8.7
sj,1993,39,1993-10-01,34,0.0517,0.0726,0.09423333,72.86,299.885714286,299.942857143,296.651428571,302.1,298.4,76.0,82.61,72.86,18.12,2.17142857143,28.2857142857,6.98571428571,32.8,23.9,26.7
sj,1993,40,1993-10-08,0.1213,0.0705,0.1886286,0.1652714,27.62,299.591428571,299.607142857,296.632857143,301.1,298.2,55.36,83.8414285714,27.62,18.1042857143,1.67142857143,28.0142857143,7.5,33.3,23.3,16.8
sj,1993,41,1993-10-15,0.1317,0.0645,0.20515,0.1731857,8.01,299.957142857,300.042857143,296.425714286,301.8,298.7,35.8,81.1028571429,8.01,17.86,1.94285714286,28.4,6.98571428571,32.2,24.4,27.0
sj,1993,42,1993-10-22,0.0129,0,0.1347,0.1496857,0.0,300.181428571,300.242857143,296.168571429,302.4,298.0,17.0,78.8071428571,0.0,17.5928571429,2.25714285714,28.2,7.7,33.3,23.9,6.4
sj,1993,43,1993-10-29,117,0.1143,0.2702,0.1092667,70.07,299.788571429,299.721428571,296.114285714,301.5,298.1,57.6,80.3985714286,70.07,17.5557142857,1.95714285714,28.0714285714,7.14285714286,32.8,23.9,25.4
sj,1993,44,1993-11-05,0,0.1406667,0.1776167,0.1569,0.0,299.885714286,299.921428571,296.007142857,301.9,298.5,16.1,79.5042857143,0.0,17.4414285714,2.3,27.9,7.24285714286,32.8,23.3,4.1
sj,1993,45,1993-11-12,-0.1589,0.0493,0.08248333,0.1696,0.0,299.228571429,299.35,295.298571429,300.9,297.8,25.6,79.0371428571,0.0,16.6628571429,2.27142857143,27.6428571429,7.72857142857,32.8,23.3,6.7
sj,1993,46,1993-11-19,0.17315,0.013825,0.17535,0.1117429,12.5,298.845714286,299.05,295.188571429,301.0,297.5,70.71,80.3771428571,12.5,16.58,1.84285714286,27.1714285714,6.77142857143,31.7,22.8,48.8
sj,1993,47,1993-11-26,0.1071,0.1818,0.2600571,0.2705857,91.81,298.571428571,298.678571429,295.255714286,301.1,296.8,118.1,82.1542857143,91.81,16.6614285714,1.87142857143,26.8857142857,6.6,31.7,22.2,46.4
sj,1993,48,1993-12-03,0.3572667,-0.0095,0.12734,0.08941429,6.09,298.627142857,298.721428571,294.965714286,300.5,297.2,25.7,80.4657142857,6.09,16.4014285714,2.01428571429,26.7857142857,8.34285714286,33.3,21.1,5.5
sj,1993,49,1993-12-10,0,0,0.1632333,0.08283333,5.29,298.218571429,298.192857143,294.52,300.5,296.6,43.4,80.3028571429,5.29,15.9328571429,2.35714285714,26.5285714286,7.08571428571,30.6,21.1,20.8
sj,1993,50,1993-12-17,-0.2902,-0.06766667,0.1682857,0.08,14.82,298.565714286,298.585714286,294.16,300.8,296.2,28.6,76.8542857143,14.82,15.5714285714,2.45714285714,26.2285714286,7.85714285714,31.1,21.1,7.7
sj,1993,51,1993-12-24,-0.0237,-0.02115,0.1181143,0.07024286,42.62,298.218571429,298.335714286,294.234285714,301.2,296.1,33.6,78.8285714286,42.62,15.65,2.55714285714,26.0428571429,6.82857142857,31.7,21.7,37.6
sj,1994,52,1994-01-01,0,0,0,0,5.25,298.527142857,298.778571429,294.401428571,301.0,296.0,3.4,78.0185714286,5.25,15.78,2.44285714286,26.9714285714,8.2,32.8,21.7,0.3
sj,1994,1,1994-01-08,-0.1209,0.0193,0.09498571,0.1785143,12.6,298.191428571,298.285714286,293.585714286,300.1,296.3,19.5,75.7428571429,12.6,14.9514285714,2.05714285714,25.5,6.74285714286,29.4,21.1,41.0
sj,1994,2,1994-01-15,0.1435,0.0974,0.25425,0.21445,0.0,297.59,297.692857143,293.721428571,299.6,296.0,19.4,79.15,0.0,15.0971428571,2.21428571429,25.4571428571,7.27142857143,29.4,21.1,13.4
sj,1994,3,1994-01-22,0.0741,0.1664333,151,0.1407143,0.0,297.912857143,297.942857143,293.37,299.7,296.2,16.4,75.9842857143,0.0,14.7757142857,2.11428571429,25.0857142857,7.42857142857,30.0,20.0,26.6
sj,1994,4,1994-01-29,0.0912,-0.1162667,0.1635571,0.1985143,0.0,297.571428571,297.707142857,293.531428571,299.2,296.3,19.04,78.3814285714,0.0,14.9385714286,2.32857142857,25.3285714286,7.04285714286,29.4,20.6,9.7
sj,1994,5,1994-02-05,0.2588,0.2112,0.2200571,0.2156,0.0,297.588571429,297.714285714,293.23,299.8,295.8,21.8,76.8257142857,0.0,14.6342857143,2.2,25.7857142857,7.1,30.0,20.6,3.6
sj,1994,6,1994-02-12,0.0882,117,0.0768,0.069175,0.0,297.515714286,297.571428571,292.852857143,299.2,295.9,11.5,75.31,0.0,14.2885714286,1.74285714286,25.2571428571,7.52857142857,29.4,21.1,9.1
sj,1994,7,1994-02-19,0.3633,0.24185,0.2473857,0.2834143,0.0,297.774285714,297.942857143,292.577142857,299.4,295.5,7.2,72.8857142857,0.0,14.02,2.28571428571,25.7,7.15714285714,30.6,21.1,9.7
sj,1994,8,1994-02-26,0,0.09243333,0.1377571,0.07407143,0.0,297.455714286,297.564285714,292.672857143,299.3,296.1,11.5,74.7885714286,0.0,14.1571428571,2.35714285714,25.7428571429,8.57142857143,30.6,20.6,7.9
sj,1994,9,1994-03-05,0,0.1446,0.17415,0.1530833,0.0,297.235714286,297.335714286,293.128571429,300.1,295.4,16.7,77.9157142857,0.0,14.5585714286,2.5,25.3142857143,8.54285714286,30.6,20.6,16.2
sj,1994,10,1994-03-12,0.1125,0.1038,0.08821429,0.1224143,7.15,297.268571429,297.407142857,293.887142857,299.5,295.5,18.7,81.5185714286,7.15,15.2585714286,2.44285714286,25.8857142857,7.05714285714,31.1,21.7,15.8
sj,1994,11,1994-03-19,0.1468,-0.04815,0.1946833,0.14055,0.0,297.501428571,297.671428571,292.864285714,299.8,295.6,6.69,75.4357142857,0.0,14.3342857143,2.57142857143,25.8428571429,7.95714285714,31.1,21.1,16.8
sj,1994,12,1994-03-26,0.0412,0.1005833,0.1528167,0.1368429,0.0,298.014285714,298.214285714,293.175714286,300.5,295.5,2.9,74.6471428571,0.0,14.6171428571,3.65714285714,26.7285714286,9.91428571429,32.8,20.6,0.0
sj,1994,13,1994-04-02,0.0978,0.15975,0.1270429,0.1195286,46.62,298.281428571,298.464285714,293.532857143,300.1,296.8,6.66,75.0828571429,46.62,14.9457142857,2.47142857143,26.7,8.34285714286,33.3,21.1,1.0
sj,1994,14,1994-04-09,108,0.05093333,0.1369286,0.1190286,0.0,298.12,298.314285714,293.151428571,300.0,296.8,4.4,73.9514285714,0.0,14.5471428571,2.4,26.4285714286,7.77142857143,31.1,21.7,2.3
sj,1994,15,1994-04-16,0.16435,0.13325,0.1874286,0.1552429,0.0,297.537142857,297.621428571,293.734285714,299.6,296.0,37.0,79.5171428571,0.0,15.1471428571,2.1,25.9714285714,6.71428571429,30.0,21.1,16.7
sj,1994,16,1994-04-23,0,0,0.1528286,0.1754571,0.0,297.541428571,297.735714286,292.852857143,299.6,296.3,16.6,75.2471428571,0.0,14.2942857143,2.12857142857,25.9714285714,6.4,30.0,22.2,28.7
sj,1994,17,1994-04-30,0.0805,0.0251,0.09804286,0.09371667,0.0,298.324285714,298.492857143,293.455714286,300.9,296.8,4.9,74.5157142857,0.0,14.8814285714,2.61428571429,26.6714285714,7.78571428571,31.7,22.2,13.2
sj,1994,18,1994-05-07,0.0652,0.08175,0.1644143,0.1321429,68.0,298.927142857,299.092857143,295.235714286,301.1,297.0,14.1,80.3528571429,68.0,16.6214285714,2.67142857143,27.7571428571,7.7,33.3,22.8,10.5
sj,1994,19,1994-05-14,0.1111,0.0974,0.1165143,0.1063143,10.46,298.557142857,298.7,294.924285714,300.5,297.2,21.1,80.4628571429,10.46,16.28,1.94285714286,27.4142857143,6.45714285714,31.7,23.9,3.3
sj,1994,20,1994-05-21,0.0742,0.0177,0.1722429,0.1608286,16.5,298.474285714,298.55,295.384285714,300.6,297.3,28.9,83.1357142857,16.5,16.7671428571,1.81428571429,27.7142857143,8.1,33.3,22.8,29.3
sj,1994,21,1994-05-28,0.1178,0.10975,0.2084714,0.2084857,17.52,299.941428571,300.228571429,296.064285714,302.3,297.7,7.9,79.5028571429,17.52,17.4871428571,2.88571428571,29.1,7.07142857143,33.9,24.4,6.9
sj,1994,22,1994-06-04,0.1097,0.1407,0.2008429,0.1616143,6.59,299.597142857,299.778571429,295.342857143,301.7,297.8,16.7,77.6642857143,6.59,16.7128571429,2.35714285714,28.5714285714,7.31428571429,33.3,23.3,1.6
sj,1994,23,1994-06-11,0.08005,0.06905,0.06161429,0.05854286,42.53,299.327142857,299.535714286,295.642857143,301.3,298.0,21.5,80.3828571429,42.53,17.0157142857,2.47142857143,28.2285714286,7.62857142857,32.8,23.3,67.3
sj,1994,24,1994-06-18,-0.0286,0,0.1592833,0.2158429,13.82,299.605714286,299.8,295.491428571,301.6,298.3,3.7,78.2928571429,13.82,16.8314285714,2.4,28.3285714286,6.77142857143,32.8,24.4,5.4
sj,1994,25,1994-06-25,-0.0323,0.04215,0.1387429,0.1391143,38.34,299.5,299.635714286,295.462857143,302.2,298.0,26.51,78.7042857143,38.34,16.8371428571,2.04285714286,28.0714285714,6.6,32.8,23.9,23.4
sj,1994,26,1994-07-02,0.1252667,0.11765,0.1234167,0.1551857,12.67,299.861428571,300.007142857,295.852857143,302.3,298.0,22.9,79.0271428571,12.67,17.2285714286,2.64285714286,28.4,6.75714285714,32.8,23.9,10.2
sj,1994,27,1994-07-09,0.12325,0.2155667,217,0.1133429,15.39,299.125714286,299.178571429,295.154285714,301.5,297.9,54.83,78.8057142857,15.39,16.4785714286,1.64285714286,27.9285714286,6.82857142857,32.2,23.9,19.5
sj,1994,28,1994-07-16,0.1396,0.22405,0.1846714,0.1805857,9.77,299.481428571,299.65,295.168571429,301.5,297.9,18.52,77.3028571429,9.77,16.5028571429,2.12857142857,28.1714285714,6.01428571429,32.2,23.9,28.7
sj,1994,29,1994-07-23,0.0424,0.1201667,0.1943429,0.1907429,43.28,299.932857143,300.1,295.562857143,301.7,297.8,9.9,77.1028571429,43.28,16.8828571429,2.34285714286,28.2571428571,6.52857142857,32.8,23.9,9.8
sj,1994,30,1994-07-30,183,0.2658,0.1967286,0.1939,2.79,299.977142857,300.128571429,295.237142857,301.5,298.5,3.3,75.4357142857,2.79,16.58,2.45714285714,28.5142857143,7.22857142857,33.3,24.4,1.0
sj,1994,31,1994-08-06,0,0.1311,0.1752143,0.1122143,26.96,299.575714286,299.635714286,295.362857143,301.7,297.4,22.9,77.7957142857,26.96,16.7085714286,2.21428571429,28.2571428571,6.98571428571,33.3,23.9,48.5
sj,1994,32,1994-08-13,0.04465,-0.0402,0.05686667,0.02865,30.03,299.518571429,299.678571429,295.465714286,301.5,297.9,12.5,78.5842857143,30.03,16.8314285714,2.35714285714,28.3857142857,7.78571428571,33.3,23.9,3.6
sj,1994,33,1994-08-20,0.06666667,-0.0157,0.1766167,0.22135,17.77,300.01,300.128571429,295.487142857,302.2,298.3,16.6,76.4371428571,17.77,16.8642857143,2.51428571429,28.5142857143,6.77142857143,33.3,24.4,20.4
sj,1994,34,1994-08-27,0.1564,0.130825,0.1920571,0.1767286,3.24,300.364285714,300.535714286,295.931428571,302.7,298.5,11.56,76.92,3.24,17.3385714286,2.64285714286,28.5714285714,6.7,32.8,24.4,4.3
sj,1994,35,1994-09-03,0.02185,0.14525,0.2137857,0.2040857,59.91,300.392857143,300.535714286,296.295714286,302.7,298.7,20.24,78.4828571429,59.91,17.7057142857,2.52857142857,29.4285714286,6.88571428571,33.9,25.6,11.0
sj,1994,36,1994-09-10,0.04585,0.076225,0.2916857,0.2479714,19.45,300.074285714,300.178571429,296.131428571,302.4,297.6,28.3,79.1385714286,19.45,17.5214285714,2.64285714286,29.2857142857,6.35714285714,33.3,24.4,14.4
sj,1994,37,1994-09-17,0,0,0.0955,0.192925,61.11,299.951428571,300.057142857,295.907142857,302.2,298.2,70.4,78.75,61.11,17.3057142857,2.45714285714,28.5571428571,6.9,34.4,23.9,50.8
sj,1994,38,1994-09-24,0,0,0,0,39.22,299.885714286,300.035714286,295.961428571,302.3,298.1,50.7,79.3142857143,39.22,17.3542857143,1.98571428571,28.3714285714,6.18571428571,32.2,24.4,34.3
sj,1994,39,1994-10-01,0,0,0,0,55.88,299.508571429,299.642857143,295.821428571,301.8,297.7,45.2,80.3728571429,55.88,17.2485714286,2.6,28.0142857143,6.7,33.9,23.3,31.5
sj,1994,40,1994-10-08,0,0,0,0,0.63,300.377142857,300.5,295.362857143,302.5,298.7,2.8,74.1171428571,0.63,16.7442857143,2.62857142857,28.7142857143,6.9,34.4,24.4,8.2
sj,1994,41,1994-10-15,0,0,0,0,16.7,299.638571429,299.621428571,295.481428571,302.9,297.8,40.8,78.2257142857,16.7,16.9,2.72857142857,28.3285714286,7.65714285714,35.0,23.9,39.2
sj,1994,42,1994-10-22,0,0,0,0,75.57,300.238571429,300.4,295.685714286,303.0,298.3,15.81,76.3485714286,75.57,17.1242857143,3.02857142857,28.5714285714,7.44285714286,35.0,23.9,5.4
sj,1994,43,1994-10-29,0,0,0,0,111.52,298.811428571,298.857142857,296.171428571,300.5,297.5,64.85,85.4171428571,111.52,17.6414285714,1.65714285714,27.6714285714,7.27142857143,32.8,23.3,39.2
sj,1994,44,1994-11-05,0,0,0,0,5.41,299.867142857,300.05,295.845714286,301.9,298.3,15.6,78.6857142857,5.41,17.2642857143,2.32857142857,28.1571428571,6.84285714286,32.2,24.4,1.9
sj,1994,45,1994-11-12,0,0,0,0,32.26,299.297142857,299.128571429,295.58,301.5,297.2,36.6,80.0957142857,32.26,16.9842857143,2.22857142857,27.3142857143,6.92857142857,31.7,22.2,54.5
sj,1994,46,1994-11-19,0,0,0,0,32.17,299.198571429,299.3,296.174285714,302.2,297.5,47.5,83.5842857143,32.17,17.6442857143,1.77142857143,27.2857142857,7.31428571429,32.8,22.2,47.5
sj,1994,47,1994-11-26,0,0,0,0,11.16,299.422857143,299.457142857,296.377142857,301.9,297.6,23.7,83.5028571429,11.16,17.8485714286,2.4,27.8571428571,7.6,33.9,23.3,49.3
sj,1994,48,1994-12-03,0,0,0,0,17.52,298.851428571,298.85,294.812857143,300.7,296.3,27.4,78.56,17.52,16.1785714286,2.1,26.8857142857,7.57142857143,31.7,21.1,35.9
sj,1994,49,1994-12-10,0,0,0,0,45.95,297.808571429,297.95,295.204285714,299.4,296.6,106.09,85.57,45.95,16.58,1.5,26.3714285714,6.18571428571,30.0,22.2,58.2
sj,1994,50,1994-12-17,0,0,0,0,0.0,298.624285714,298.742857143,293.938571429,300.5,297.2,16.5,75.4557142857,0.0,15.3271428571,2.28571428571,26.5857142857,7.47142857143,31.7,21.7,7.4
sj,1994,51,1994-12-24,0,0,0,0,0.0,298.581428571,298.692857143,294.211428571,300.6,296.9,12.2,76.9142857143,0.0,15.5957142857,2.72857142857,26.6428571429,8.18571428571,31.7,22.2,12.9
sj,1995,52,1995-01-01,0.2438,45,0.2152556,0.1947778,71.43,298.838571429,299.107142857,295.674285714,301.5,296.7,30.4,82.8671428571,71.43,17.0671428571,3.27142857143,27.3142857143,8.74285714286,32.8,22.2,9.2
sj,1995,1,1995-01-08,0.223075,0.2193333,0.2886167,0.2587429,0.0,297.33,297.4,292.734285714,300.1,294.7,12.5,75.8385714286,0.0,14.25,2.37142857143,25.7,7.68571428571,31.7,20.0,40.4
sj,1995,2,1995-01-15,0,0.1416333,0.1755714,0.1716143,0.0,298.284285714,298.45,293.308571429,299.9,296.8,3.59,74.0471428571,0.0,14.6985714286,2.35714285714,25.7714285714,7.68571428571,30.0,21.7,10.5
sj,1995,3,1995-01-22,-0.1193,-0.0359,0.2122571,0.2293714,37.99,296.584285714,296.707142857,292.83,299.1,295.0,32.88,79.5528571429,37.99,14.2814285714,1.78571428571,24.7571428571,7.11428571429,28.9,20.0,29.0
sj,1995,4,1995-01-29,0.05175,0.1268,0.1772286,0.1340714,0.0,297.592857143,298.014285714,293.532857143,300.5,295.0,6.2,78.33,0.0,14.9471428571,3.62857142857,26.1285714286,9.04285714286,32.8,20.6,9.9
sj,1995,5,1995-02-05,0,0.1449,0.21726,0.2099429,0.0,297.35,297.65,293.91,300.2,295.6,43.3,81.4042857143,0.0,15.2742857143,2.15714285714,25.5,7.28571428571,31.7,21.1,26.9
sj,1995,6,1995-02-12,0.03233333,0.059325,0.1748857,0.1713857,0.0,297.855714286,298.014285714,293.025714286,300.5,295.2,3.6,74.6557142857,0.0,14.46,3.8,26.0857142857,9.61428571429,32.8,20.0,0.0
sj,1995,7,1995-02-19,0.0614,0,0.1753143,0.2123286,0.0,298.221428571,298.464285714,293.882857143,300.5,295.8,10.07,77.0214285714,0.0,15.2271428571,2.81428571429,26.6285714286,8.65714285714,32.2,20.6,2.8
sj,1995,8,1995-02-26,0.0935,0.06486667,0.1020143,0.1254143,0.0,297.508571429,297.514285714,293.132857143,299.4,295.9,29.08,76.6342857143,0.0,14.53,1.97142857143,25.9285714286,7.28571428571,31.7,21.7,29.5
sj,1995,9,1995-03-05,0.07355,0.06865,0.12292,0.10996,0.0,297.175714286,297.257142857,293.444285714,299.5,295.4,50.73,79.8171428571,0.0,14.8528571429,2.42857142857,25.2428571429,8.4,30.6,20.0,51.7
sj,1995,10,1995-03-12,0.14535,0.079575,0.1823429,0.1864857,0.0,297.081428571,297.278571429,293.811428571,299.4,295.2,36.42,82.0528571429,0.0,15.1914285714,2.07142857143,25.5,7.05714285714,30.0,21.1,16.9
sj,1995,11,1995-03-19,0.0739,0.1150667,0.1452,0.1547429,19.43,297.11,297.085714286,292.821428571,299.6,294.6,18.6,77.02,19.43,14.3042857143,2.05714285714,25.2571428571,6.75714285714,31.7,21.1,16.5
sj,1995,12,1995-03-26,31,0.23165,0.2074333,0.2497143,0.0,296.48,296.707142857,290.631428571,300.4,294.0,6.7,69.8614285714,0.0,12.4814285714,3.3,24.6285714286,8.41428571429,31.7,18.9,2.3
sj,1995,13,1995-04-02,0.19862,0.259575,0.24515,0.3054571,0.0,296.887142857,297.042857143,290.378571429,300.0,293.5,4.6,67.3642857143,0.0,12.3314285714,4.0,25.2428571429,7.75714285714,30.0,20.0,4.1
sj,1995,14,1995-04-09,0,0.2494,0.2327857,0.2684143,0.0,297.665714286,297.921428571,292.555714286,300.9,294.6,0.0,73.4,0.0,14.1228571429,3.61428571429,25.9714285714,8.95714285714,32.8,19.4,0.0
sj,1995,15,1995-04-16,0,0.03495,0.1719143,0.1489429,5.43,298.56,298.742857143,294.338571429,300.6,296.9,2.1,77.6057142857,5.43,15.7357142857,2.82857142857,27.2857142857,7.78571428571,32.8,22.8,0.0
sj,1995,16,1995-04-23,0.1017,0.1127,0.2601571,0.2366143,6.44,297.83,298.007142857,293.554285714,300.2,296.0,19.6,77.3214285714,6.44,15.01,2.61428571429,26.6571428571,7.3,32.8,21.1,72.0
sj,1995,17,1995-04-30,0.1281,0.150025,0.2205429,0.1873,0.0,297.511428571,297.685714286,292.1,300.2,295.8,2.7,71.9371428571,0.0,13.69,2.65714285714,26.3285714286,6.65714285714,31.1,21.7,1.0
sj,1995,18,1995-05-07,0,0.1521,0.2145429,0.1579714,20.96,298.788571429,299.071428571,294.202857143,301.6,297.3,4.1,76.0728571429,20.96,15.6171428571,2.94285714286,27.8428571429,9.14285714286,34.4,22.2,2.8
sj,1995,19,1995-05-14,0.14345,0.1115,0.1990714,0.1708857,9.01,299.131428571,299.357142857,295.428571429,301.8,297.0,9.0,80.2614285714,9.01,16.8228571429,3.0,27.7714285714,7.3,34.4,22.8,29.7
sj,1995,20,1995-05-21,0.0363,0.096525,0.1664333,0.1605714,119.62,298.995714286,299.085714286,295.398571429,301.7,297.1,17.4,80.8657142857,119.62,16.7885714286,2.85714285714,26.9142857143,6.27142857143,31.1,21.7,101.6
sj,1995,21,1995-05-28,0.0322,0.1621333,0.2318286,0.2402714,204.62,299.454285714,299.578571429,295.994285714,301.7,297.3,17.3,81.4471428571,204.62,17.4128571429,2.32857142857,27.2285714286,7.34285714286,31.7,22.2,97.5
sj,1995,22,1995-06-04,0,0.2412,0.1024714,0.1095714,178.89,299.602857143,299.607142857,295.992857143,302.0,298.1,20.33,80.7271428571,178.89,17.4114285714,1.95714285714,27.7,7.32857142857,33.3,23.3,9.1
sj,1995,23,1995-06-11,0.15495,0.0278,0.2666143,0.2119,106.04,298.688571429,298.65,295.827142857,300.2,297.5,86.8,84.3457142857,106.04,17.2171428571,1.64285714286,27.3,7.14285714286,31.1,22.8,35.5
sj,1995,24,1995-06-18,0.08955,0.0797,0.1817143,0.1559857,20.16,299.828571429,299.9,295.892857143,301.4,298.4,16.57,79.1371428571,20.16,17.2957142857,2.31428571429,27.7714285714,7.47142857143,32.8,22.8,43.5
sj,1995,25,1995-06-25,0.22135,0.2174,0.2199714,0.1920429,26.56,300.115714286,300.142857143,296.625714286,302.3,298.2,35.24,81.34,26.56,18.0528571429,2.0,28.8428571429,7.37142857143,33.3,24.4,10.5
sj,1995,26,1995-07-02,0.2319333,0.2115,0.2412286,0.2656857,2.04,300.68,300.807142857,296.741428571,302.7,298.7,13.7,79.38,2.04,18.2071428571,2.75714285714,29.2142857143,6.34285714286,33.9,24.4,15.8
sj,1995,27,1995-07-09,0.3093,0.2909,0.2370571,0.2420429,41.18,301.007142857,301.092857143,296.145714286,303.2,298.6,9.22,75.0657142857,41.18,17.5657142857,3.04285714286,29.6571428571,7.82857142857,34.4,25.0,16.0
sj,1995,28,1995-07-16,0,0.17265,0.24245,0.2196714,25.89,299.944285714,299.978571429,296.582857143,302.0,298.5,60.59,81.96,25.89,18.0128571429,1.95714285714,29.2857142857,7.6,34.4,24.4,21.4
sj,1995,29,1995-07-23,0.1175,0.10775,0.1555714,0.1664857,36.58,300.401428571,300.664285714,296.848571429,302.8,299.0,38.3,81.09,36.58,18.3542857143,2.72857142857,29.2285714286,7.3,33.9,25.0,30.6
sj,1995,30,1995-07-30,0,0.1898,0.0942,0.1322286,101.64,299.988571429,299.957142857,297.244285714,302.3,298.6,62.31,85.0885714286,101.64,18.7771428571,1.6,28.5571428571,6.57142857143,33.3,23.9,43.3
sj,1995,31,1995-08-06,0.0632,0.09466667,0.1584857,0.2030286,60.71,300.0,300.0,297.11,302.5,298.4,102.4,84.3757142857,60.71,18.6728571429,2.08571428571,28.7,6.75714285714,33.9,23.9,30.1
sj,1995,32,1995-08-13,47,47,0.1991833,0.1653571,19.79,300.262857143,300.285714286,296.558571429,302.4,298.6,40.3,80.3971428571,19.79,18.0428571429,2.14285714286,29.0,6.81428571429,33.9,23.3,27.3
sj,1995,33,1995-08-20,0.08396667,0.0917,0.1771571,0.1886714,4.05,300.554285714,300.685714286,297.27,303.8,298.2,17.7,82.6257142857,4.05,18.8571428571,3.34285714286,30.0714285714,6.94285714286,34.4,25.6,8.7
sj,1995,34,1995-08-27,0.1131,0.0862,0.1374,0.1324714,75.11,299.952857143,299.985714286,296.887142857,301.9,298.1,96.1,83.4914285714,75.11,18.4042857143,2.11428571429,28.4285714286,7.65714285714,33.3,23.3,66.0
sj,1995,35,1995-09-03,0.0326,0.07256667,0.17236,0.1968143,35.83,300.174285714,300.242857143,296.85,302.4,298.5,55.21,82.2257142857,35.83,18.3971428571,2.22857142857,29.1142857143,5.92857142857,32.2,24.4,12.8
sj,1995,36,1995-09-10,0.1071,0.1836,0.18515,0.1699571,20.23,301.218571429,301.35,296.994285714,303.9,298.2,8.6,78.1457142857,20.23,18.5457142857,3.7,29.5714285714,7.91428571429,34.4,23.9,20.4
sj,1995,37,1995-09-17,0.0568,0.0546,0.1436857,0.1392,40.29,300.21,300.2,297.051428571,302.2,298.1,122.7,82.9114285714,40.29,18.63,2.37142857143,29.3714285714,7.44285714286,35.0,24.4,77.1
sj,1995,38,1995-09-24,0.1186333,0.0846,0.1810167,0.2176167,121.4,300.067142857,300.135714286,296.964285714,302.5,298.3,82.5,83.3142857143,121.4,18.5285714286,2.44285714286,29.5857142857,6.91428571429,35.6,25.0,71.2
sj,1995,39,1995-10-01,0.1068,0.08366667,92,0.09934286,36.72,300.155714286,300.207142857,296.771428571,301.8,298.7,11.6,81.8542857143,36.72,18.2542857143,1.9,29.9571428571,7.28571428571,34.4,25.6,13.3
sj,1995,40,1995-10-08,0.2808,0.2151,0.1463429,0.1295571,68.18,299.781428571,299.728571429,296.66,301.9,297.2,74.5,83.1357142857,68.18,18.1457142857,2.28571428571,28.0571428571,6.77142857143,32.2,23.9,45.6
sj,1995,41,1995-10-15,0.040825,0.0966,0.1316,0.1375429,45.63,299.54,299.564285714,296.634285714,301.4,298.0,53.98,84.2071428571,45.63,18.1385714286,1.81428571429,28.3857142857,6.92857142857,32.2,24.4,19.1
sj,1995,42,1995-10-22,0.033625,0.09466,0.09144286,0.1194429,55.67,299.794285714,299.842857143,296.161428571,301.8,297.8,40.8,80.6642857143,55.67,17.6214285714,2.02857142857,27.8428571429,7.17142857143,33.9,23.3,39.1
sj,1995,43,1995-10-29,0,0.1326,0.1581857,0.1374429,54.74,299.441428571,299.421428571,296.337142857,301.8,297.6,46.4,83.2142857143,54.74,17.8471428571,2.38571428571,27.4714285714,7.25714285714,32.2,23.3,53.6
sj,1995,44,1995-11-05,0.2346,0.07825,0.2700714,0.2854286,30.3,299.772857143,299.942857143,296.17,302.3,298.1,40.4,80.8642857143,30.3,17.67,3.0,28.0428571429,7.64285714286,33.9,23.3,13.5
sj,1995,45,1995-11-12,0.0174,0.02905,0.2089143,0.2354857,0.0,299.097142857,299.285714286,295.22,301.1,297.5,32.4,79.4042857143,0.0,16.6042857143,1.91428571429,27.2285714286,6.87142857143,31.7,23.3,53.6
sj,1995,46,1995-11-19,0.0406,0.07475,0.19625,0.1903429,24.86,299.622857143,299.807142857,295.37,301.9,297.8,9.9,77.6385714286,24.86,16.77,2.55714285714,27.1571428571,7.18571428571,31.1,22.8,2.8
sj,1995,47,1995-11-26,0.0334,0.1148667,0.2400143,0.2549,90.49,299.275714286,299.4,295.14,301.4,297.7,12.7,78.1414285714,90.49,16.5414285714,2.22857142857,27.3142857143,7.31428571429,32.2,22.8,5.9
sj,1995,48,1995-12-03,0,0.076375,0.2411714,0.1688714,20.21,299.452857143,299.55,295.837142857,301.4,298.0,13.69,80.6771428571,20.21,17.2571428571,2.07142857143,27.2,7.54285714286,33.3,22.8,13.5
sj,1995,49,1995-12-10,0.1154,135,0.2653,0.2371143,0.0,299.201428571,299.4,294.687142857,300.8,297.6,12.8,76.3328571429,0.0,16.0657142857,2.25714285714,27.0142857143,7.65714285714,31.1,22.2,14.9
sj,1995,50,1995-12-17,-0.0139,0.01473333,0.1795,0.1348,0.0,298.461428571,298.578571429,294.731428571,300.3,297.4,23.6,79.9857142857,0.0,16.1057142857,1.84285714286,26.6142857143,7.08571428571,30.6,22.2,20.9
sj,1995,51,1995-12-24,0,0.03596667,0.1808571,0.1116571,0.0,298.194285714,298.221428571,293.971428571,300.1,296.5,40.3,77.6371428571,0.0,15.3714285714,1.7,25.7142857143,5.85714285714,30.0,22.2,53.9
sj,1996,1,1996-01-01,14,0.01086667,0.09192857,0.1204429,6.35,297.412857143,297.457142857,294.54,299.5,295.9,57.0,84.1357142857,6.35,15.8885714286,1.65714285714,25.1857142857,4.84285714286,28.3,21.7,46.5
sj,1996,2,1996-01-08,0.1514333,0.1262333,0.1842429,0.1828,15.0,298.528571429,298.628571429,294.661428571,300.6,296.7,9.32,79.3214285714,15.0,16.0157142857,2.45714285714,26.2571428571,7.64285714286,31.1,21.7,24.6
sj,1996,3,1996-01-15,0.0149,0.07636667,0.1466571,0.1969857,55.68,297.752857143,297.864285714,294.551428571,299.6,295.9,50.3,82.5157142857,55.68,15.9171428571,2.07142857143,25.9714285714,6.88571428571,31.1,21.7,40.6
sj,1996,4,1996-01-22,0.0958,0.1381,0.2194571,0.2229,60.67,297.422857143,297.485714286,293.802857143,299.7,296.1,44.85,80.4771428571,60.67,15.2085714286,1.94285714286,25.5857142857,5.85714285714,28.9,22.2,47.7
sj,1996,5,1996-01-29,0.0627,0.1475333,0.2058429,0.2097286,0.0,296.628571429,296.757142857,292.04,298.2,295.0,28.6,75.6928571429,0.0,13.65,1.94285714286,24.7857142857,6.02857142857,28.3,20.0,32.0
sj,1996,6,1996-02-05,0.02765,0.04075,0.1646,0.1686857,0.0,297.307142857,297.435714286,292.581428571,299.4,295.7,11.9,74.9614285714,0.0,14.0585714286,2.15714285714,25.1571428571,6.81428571429,29.4,21.1,10.8
sj,1996,7,1996-02-12,0.06895,0.13685,0.2188143,0.2143,29.3,297.625714286,297.685714286,293.85,299.9,295.0,15.45,79.6642857143,29.3,15.2385714286,2.22857142857,25.3142857143,7.44285714286,31.1,21.1,25.5
sj,1996,8,1996-02-19,0,0.0583,0.1627857,0.1252143,7.2,297.882857143,298.092857143,293.698571429,300.0,296.1,16.7,77.7828571429,7.2,15.1257142857,2.72857142857,25.9714285714,7.71428571429,31.7,21.1,22.1
sj,1996,9,1996-02-26,76,0.108975,0.2699333,0.2227714,177.58,297.598571429,297.707142857,293.731428571,299.6,296.0,15.67,79.1985714286,177.58,15.1285714286,2.3,25.5571428571,7.21428571429,29.4,21.1,4.6
sj,1996,10,1996-03-04,0,0.11005,0.1926667,0.1776429,9.96,297.292857143,297.478571429,292.128571429,299.6,295.5,3.2,73.06,9.96,13.6957142857,2.52857142857,25.5714285714,7.91428571429,30.6,20.6,3.3
sj,1996,11,1996-03-11,0.03786667,0.0368,0.1764286,0.1658571,0.0,297.988571429,298.178571429,293.561428571,299.9,296.6,8.6,76.4828571429,0.0,14.9428571429,2.21428571429,26.2428571429,7.2,31.1,21.7,12.7
sj,1996,12,1996-03-18,0.07713333,0.1118,0.1855286,0.2112714,0.0,297.428571429,297.6,293.834285714,300.6,295.2,28.0,80.6471428571,0.0,15.2357142857,2.54285714286,26.2,7.7,32.2,22.2,14.2
sj,1996,13,1996-03-25,0,-0.0457,0.1378857,0.1538429,0.0,298.188571429,298.364285714,293.084285714,300.4,296.7,2.8,73.4257142857,0.0,14.5285714286,2.92857142857,26.4,9.02857142857,32.2,20.6,0.5
sj,1996,14,1996-04-01,0.0448,0.024225,0.0851,0.1079429,0.0,297.21,297.407142857,293.321428571,300.3,295.4,28.8,79.02,0.0,14.7271428571,2.55714285714,25.9285714286,6.9,31.1,21.7,21.6
sj,1996,15,1996-04-08,0.0497,0.1488,0.1627286,0.1776429,49.18,298.135714286,298.207142857,294.365714286,300.8,296.3,27.9,79.7757142857,49.18,15.7514285714,2.52857142857,26.2285714286,7.68571428571,32.2,21.7,80.5
sj,1996,16,1996-04-15,0.08893333,0.12235,0.2162143,0.2278286,46.16,297.852857143,298.092857143,293.8,300.7,295.7,24.22,78.3114285714,46.16,15.1857142857,2.3,26.1285714286,6.72857142857,32.2,21.1,8.9
sj,1996,17,1996-04-22,0,0.1078,0.1786857,0.1805143,0.0,298.228571429,298.464285714,293.282857143,300.4,297.0,10.9,74.1714285714,0.0,14.7057142857,2.38571428571,26.1285714286,6.4,30.0,22.2,8.2
sj,1996,18,1996-04-29,0.3144667,0.1974,0.2231,0.2046286,5.63,298.007142857,298.092857143,293.538571429,299.8,296.6,21.5,76.3942857143,5.63,14.9385714286,1.84285714286,26.0142857143,6.62857142857,30.0,22.2,25.6
sj,1996,19,1996-05-06,-0.0464,-0.0384,0.0964,0.09445714,0.0,297.71,297.8,292.915714286,299.4,296.3,11.1,74.7928571429,0.0,14.3614285714,2.17142857143,25.4428571429,6.32857142857,29.4,21.7,10.6
sj,1996,20,1996-05-13,0,0.07175,0.1463,0.1586429,21.7,297.595714286,297.628571429,294.451428571,300.1,296.2,68.2,82.84,21.7,15.7971428571,1.71428571429,25.8428571429,5.54285714286,29.4,22.2,44.8
sj,1996,21,1996-05-20,0.0339,0.0557,0.2153167,0.21815,44.07,298.658571429,298.921428571,295.467142857,300.7,297.4,17.9,82.78,44.07,16.8571428571,2.44285714286,26.7285714286,6.34285714286,30.6,22.8,0.8
sj,1996,22,1996-05-27,0.09985,0.1066,0.1409857,0.1087857,68.06,299.441428571,299.592857143,296.237142857,301.8,297.5,21.71,82.7514285714,68.06,17.66,2.81428571429,28.1142857143,6.91428571429,33.3,23.3,9.4
sj,1996,23,1996-06-03,0.0529,0.080075,0.1793143,0.1579,137.06,299.254285714,299.192857143,296.005714286,301.4,297.9,24.38,82.3685714286,137.06,17.3942857143,2.07142857143,27.8142857143,7.02857142857,32.2,23.9,2.3
sj,1996,24,1996-06-10,0.0986,0.0893,0.12375,0.13545,27.82,298.742857143,298.828571429,295.438571429,300.6,297.5,43.3,82.2357142857,27.82,16.8,2.02857142857,26.9428571429,5.98571428571,31.1,23.3,40.9
sj,1996,25,1996-06-17,0.07125,0.0646,0.1461,0.1561714,47.93,298.49,298.564285714,295.435714286,300.8,297.1,73.7,83.3228571429,47.93,16.81,1.92857142857,26.4428571429,5.8,30.6,22.8,84.6
sj,1996,26,1996-06-24,0.16555,0.1205,0.1861857,0.1705857,15.99,299.641428571,299.707142857,296.044285714,301.8,297.6,22.5,80.9071428571,15.99,17.4685714286,2.24285714286,27.6857142857,5.92857142857,32.8,23.3,19.3
sj,1996,27,1996-07-01,0,0.07375,0.2217833,0.1834333,6.01,299.581428571,299.685714286,295.834285714,301.5,297.5,23.9,80.0614285714,6.01,17.2114285714,1.97142857143,27.9428571429,6.37142857143,32.2,24.4,5.9
sj,1996,28,1996-07-08,0.05763333,0.07825,0.1641167,0.1680333,24.35,299.734285714,299.835714286,296.341428571,302.0,297.9,35.23,81.8357142857,24.35,17.7642857143,2.24285714286,28.0142857143,6.37142857143,32.8,23.3,43.5
sj,1996,29,1996-07-15,0.1121,0.095425,0.1674286,0.1645429,97.22,299.018571429,299.064285714,296.124285714,301.4,297.1,123.2,84.3228571429,97.22,17.5385714286,2.24285714286,27.2714285714,5.62857142857,31.1,23.9,53.6
sj,1996,30,1996-07-22,0.0038,-0.0106,0.14715,0.1767833,14.89,299.714285714,299.964285714,295.794285714,302.0,298.0,15.8,79.1985714286,14.89,17.1457142857,2.32857142857,27.5142857143,5.47142857143,31.1,23.9,9.9
sj,1996,31,1996-07-29,0.09683333,115,0.1986143,0.2044429,41.78,299.394285714,299.457142857,296.03,301.4,297.5,39.1,81.91,41.78,17.39,2.2,27.1714285714,5.15714285714,30.0,23.9,79.3
sj,1996,32,1996-08-05,0,0.05435,0.1329714,0.1440857,34.04,299.137142857,299.121428571,296.408571429,300.7,297.7,67.71,85.01,34.04,17.81,1.7,27.6714285714,5.34285714286,30.6,24.4,31.9
sj,1996,33,1996-08-12,0.0795,0.0291,0.14252,0.2317,19.92,299.651428571,299.792857143,296.078571429,301.8,298.1,29.2,80.9357142857,19.92,17.48,2.61428571429,28.0142857143,6.12857142857,31.7,22.8,14.3
sj,1996,34,1996-08-19,0,0.09555,0.3094667,0.2312,110.91,298.984285714,299.042857143,296.128571429,300.7,297.6,68.7,84.3442857143,110.91,17.5228571429,1.97142857143,26.7857142857,6.62857142857,31.1,22.8,80.6
sj,1996,35,1996-08-26,0.01203333,0.07396667,0.2981857,0.3126,15.74,299.945714286,300.035714286,295.985714286,302.4,298.0,33.7,79.2728571429,15.74,17.4228571429,2.55714285714,27.7571428571,6.21428571429,33.3,23.9,22.6
sj,1996,36,1996-09-02,0.0364,0.03065,0.1729,0.1757857,10.59,300.372857143,300.742857143,296.911428571,303.3,298.6,21.95,81.54,10.59,18.4857142857,3.45714285714,28.4857142857,5.87142857143,33.3,23.3,35.1
sj,1996,37,1996-09-09,0.1043,0.1068,0.1678667,0.1728,63.31,299.802857143,299.885714286,296.452857143,301.5,297.8,89.24,81.9857142857,63.31,17.97,1.8,27.9428571429,6.51428571429,32.8,23.3,51.1
sj,1996,38,1996-09-16,0,0.02845,0.1504286,0.1078167,243.55,299.482857143,299.442857143,296.88,301.3,297.6,151.7,85.69,243.55,18.4071428571,1.82857142857,27.0428571429,5.82857142857,31.7,22.8,305.9
sj,1996,39,1996-09-23,0.04044,0.00445,0.1859,0.1818857,59.12,300.32,300.442857143,297.092857143,302.3,299.1,19.32,82.6385714286,59.12,18.5957142857,1.88571428571,27.8714285714,6.35714285714,32.8,23.9,7.3
sj,1996,40,1996-09-30,-0.0385,0.06813333,0.1651286,0.1952143,27.58,300.018571429,300.207142857,296.09,302.4,298.6,27.2,79.1771428571,27.58,17.5214285714,2.1,27.4142857143,5.88571428571,31.1,23.9,20.9
sj,1996,41,1996-10-07,-0.0066,-0.0355,0.2071833,0.2196167,28.18,299.962857143,300.114285714,296.46,302.3,298.1,23.54,81.26,28.18,17.9414285714,2.54285714286,27.2857142857,6.24285714286,31.7,23.3,17.6
sj,1996,42,1996-10-14,0,0.0609,0.2202286,0.2358,4.62,299.804285714,299.842857143,296.048571429,301.8,298.2,23.7,79.9571428571,4.62,17.4857142857,2.17142857143,27.5714285714,6.64285714286,31.7,23.3,8.9
sj,1996,43,1996-10-21,-0.0969,-0.0902,0.1490143,0.1663143,17.37,300.344285714,300.464285714,296.717142857,302.1,298.7,7.1,80.7342857143,17.37,18.23,2.64285714286,29.0428571429,7.38571428571,33.9,24.4,6.6
sj,1996,44,1996-10-28,0.00525,0.0158,0.1809429,0.1463571,16.06,299.251428571,299.342857143,295.72,302.3,297.7,65.2,81.13,16.06,17.1442857143,2.08571428571,27.0428571429,6.1,31.1,21.7,28.9
sj,1996,45,1996-11-04,-0.05675,-0.00865,0.1236143,0.1353,51.59,299.168571429,299.235714286,296.26,301.5,297.5,59.22,84.1114285714,51.59,17.7014285714,2.04285714286,26.8428571429,6.28571428571,31.1,22.2,35.6
sj,1996,46,1996-11-11,-0.03006667,0.0881,0.07505714,98,34.32,298.245714286,298.214285714,295.265714286,299.7,296.8,219.9,83.64,34.32,16.6771428571,1.8,26.1571428571,6.02857142857,30.0,22.2,25.0
sj,1996,47,1996-11-18,0,0.039525,0.06076667,0.0578,42.76,298.477142857,298.557142857,295.438571429,300.5,296.8,113.55,83.3971428571,42.76,16.8428571429,1.6,25.8714285714,5.6,29.4,22.2,88.3
sj,1996,48,1996-11-25,0,0.1038667,0.1649714,0.1447714,65.18,298.197142857,298.421428571,295.667142857,300.5,296.6,49.0,86.0714285714,65.18,17.1285714286,2.04285714286,25.6142857143,4.58571428571,28.3,22.8,39.5
sj,1996,49,1996-12-02,-0.1171,-0.01016667,0.2602714,0.2308429,0.0,297.642857143,297.678571429,292.941428571,299.7,295.6,20.57,75.2928571429,0.0,14.4585714286,1.9,25.0142857143,5.05714285714,28.3,21.7,19.6
sj,1996,50,1996-12-09,0,0.0495,0.1559143,176,0.0,297.827142857,297.978571429,292.662857143,300.6,295.2,3.8,73.2528571429,0.0,14.2457142857,2.75714285714,24.8,6.57142857143,30.0,20.6,3.1
sj,1996,51,1996-12-16,0,0.1639,0.1702286,0.1818571,0.0,296.635714286,296.771428571,292.787142857,299.1,295.6,40.7,79.3728571429,0.0,14.3328571429,1.82857142857,24.9571428571,4.7,28.9,21.1,25.4
sj,1996,52,1996-12-23,0.0214,0.0214,0.156975,0.1470375,0.0,297.031428571,297.114285714,291.424285714,299.0,294.5,3.93,71.0628571429,0.0,13.1528571429,2.48571428571,24.5142857143,5.78571428571,27.8,19.4,4.0
sj,1997,1,1997-01-01,0.1526333,0.1094,0.2077429,0.1732857,0.0,299.677142857,299.821428571,295.014285714,301.5,297.7,3.24,75.6785714286,0.0,16.3771428571,2.35714285714,26.6285714286,7.71428571429,31.7,21.7,0.5
sj,1997,2,1997-01-08,0,0.1839,0.2683714,0.1435857,0.0,297.188571429,297.428571429,293.558571429,299.2,295.6,24.14,80.3,0.0,14.9671428571,2.37142857143,24.6714285714,5.64285714286,27.8,21.1,29.0
sj,1997,3,1997-01-15,-0.1459,0.0338,0.2233714,0.2170857,0.0,297.568571429,297.664285714,292.797142857,299.4,296.1,7.79,74.94,0.0,14.2785714286,2.24285714286,24.3857142857,6.65714285714,28.9,19.4,0.6
sj,1997,4,1997-01-22,0.0495,0.07316667,0.1704714,0.1861429,6.65,297.485714286,297.742857143,293.787142857,300.9,295.2,23.5,80.0928571429,6.65,15.1742857143,3.14285714286,24.9,6.42857142857,28.9,21.1,2.0
sj,1997,5,1997-01-29,0.0451,0.04505,0.1107571,0.1018,66.05,296.741428571,296.842857143,293.532857143,298.9,295.3,81.3,82.3885714286,66.05,14.8985714286,1.82857142857,24.6285714286,4.68571428571,28.3,21.1,58.9
sj,1997,6,1997-02-05,0.04245,0.03413333,0.1372714,0.1156857,53.52,297.27,297.407142857,292.575714286,299.1,295.8,14.3,75.0757142857,53.52,14.0585714286,2.07142857143,23.7,6.1,27.8,19.4,49.5
sj,1997,7,1997-02-12,0.0455,0.1281,0.1796714,0.1705857,24.98,297.12,297.292857143,293.637142857,298.8,295.7,50.58,80.9471428571,24.98,15.0171428571,1.7,24.5714285714,5.7,27.8,21.1,25.4
sj,1997,8,1997-02-19,0.0297,0.07732,0.1488286,0.1815429,0.0,297.587142857,297.714285714,293.221428571,299.2,296.2,15.14,76.7128571429,0.0,14.6142857143,2.05714285714,24.6857142857,6.27142857143,28.3,21.1,22.9
sj,1997,9,1997-02-26,0,0.04896667,0.15534,0.1579,0.0,297.264285714,297.357142857,292.472857143,298.8,295.7,15.1,74.6314285714,0.0,13.9314285714,2.17142857143,24.4714285714,5.54285714286,27.8,21.1,30.0
sj,1997,10,1997-03-05,0,0,0.2277,0.2670143,0.0,297.292857143,297.392857143,292.41,299.0,295.5,9.5,74.2557142857,0.0,13.8857142857,2.21428571429,24.5714285714,4.98571428571,27.8,21.1,15.5
sj,1997,11,1997-03-12,0,0.0864,0.1700714,0.1512429,0.0,297.138571429,297.35,292.495714286,299.3,295.8,14.3,75.3728571429,0.0,13.9771428571,2.15714285714,24.3571428571,5.78571428571,27.8,21.1,13.8
sj,1997,12,1997-03-19,0.1409,0.12525,0.2582143,0.2533286,0.0,297.078571429,297.221428571,292.767142857,299.1,296.0,17.92,76.9042857143,0.0,14.2228571429,1.9,24.7428571429,6.58571428571,28.9,21.1,15.2
sj,1997,13,1997-03-26,0.11245,107,0.2076143,0.2154,0.0,297.721428571,297.921428571,292.758571429,300.6,295.7,7.0,74.1185714286,0.0,14.2271428571,3.44285714286,25.3142857143,8.07142857143,31.1,20.6,1.5
sj,1997,14,1997-04-02,0,123,0.1983167,0.1916833,0.0,297.692857143,297.857142857,292.775714286,299.9,295.5,5.9,74.2057142857,0.0,14.2314285714,2.68571428571,25.0857142857,7.45714285714,29.4,20.6,2.9
sj,1997,15,1997-04-09,0.0602,0.069825,0.2164286,0.2027714,6.65,296.595714286,296.635714286,291.842857143,300.7,294.3,18.73,74.85,6.65,13.4928571429,2.38571428571,25.3571428571,5.61428571429,31.1,21.7,0.6
sj,1997,16,1997-04-16,0.033075,0.05155,0.2085429,0.2354857,0.0,297.178571429,297.464285714,291.674285714,299.6,295.1,7.5,71.5585714286,0.0,13.35,2.78571428571,25.9,7.92857142857,31.7,20.0,0.8
sj,1997,17,1997-04-23,0.0388,23,0.2024429,0.2222571,0.0,298.821428571,299.05,294.098571429,301.7,296.7,16.2,75.4171428571,0.0,15.5014285714,3.84285714286,27.6714285714,9.61428571429,34.4,21.1,0.0
sj,1997,18,1997-04-30,-0.0035,0.007333333,0.1991,0.1928833,5.73,299.204285714,299.385714286,294.82,301.7,296.7,4.0,76.9528571429,5.73,16.17,3.45714285714,27.7714285714,8.27142857143,33.9,22.8,0.5
sj,1997,19,1997-05-07,-0.0597,0.0331,0.1650857,0.1324571,0.0,299.35,299.507142857,294.727142857,301.1,297.8,1.5,75.8785714286,0.0,16.0785714286,2.7,27.9285714286,8.42857142857,33.9,23.3,0.3
sj,1997,20,1997-05-14,0.1019,0.0747,0.1175167,0.1297857,33.03,298.85,298.985714286,294.798571429,301.4,297.1,27.3,78.5371428571,33.03,16.1442857143,2.54285714286,27.5714285714,8.67142857143,32.8,22.2,12.6
sj,1997,21,1997-05-21,0.0798,0.1065333,0.1590333,0.09873333,0.0,299.241428571,299.385714286,294.661428571,301.1,297.8,10.1,75.9828571429,0.0,15.9971428571,2.42857142857,27.5857142857,7.08571428571,32.2,23.9,12.9
sj,1997,22,1997-05-28,0.0235,0.05535,0.2090857,0.1450571,64.1,299.281428571,299.435714286,295.262857143,301.4,297.7,10.5,78.7114285714,64.1,16.66,2.67142857143,27.3142857143,7.02857142857,31.7,22.8,30.5
sj,1997,23,1997-06-04,0.0557,0.08895,0.1841571,0.1623571,118.35,298.995714286,299.042857143,295.978571429,300.6,297.9,41.7,83.4857142857,118.35,17.3685714286,1.97142857143,27.2714285714,7.07142857143,32.8,22.2,31.3
sj,1997,24,1997-06-11,0.1197,0.0904,0.1477167,0.1914143,0.0,300.001428571,300.264285714,296.174285714,302.3,298.2,9.9,79.7457142857,0.0,17.62,2.87142857143,28.6,7.0,32.8,23.9,0.3
sj,1997,25,1997-06-18,0.0108,0.05426667,0.1710429,0.2157,2.43,300.367142857,300.6,296.411428571,302.6,298.0,7.8,79.3642857143,2.43,17.8471428571,2.91428571429,29.0142857143,7.51428571429,33.9,23.9,0.5
sj,1997,26,1997-06-25,0.0749,0.07762,0.1302143,0.1368,34.69,300.044285714,300.092857143,296.322857143,302.0,298.4,23.4,80.2457142857,34.69,17.7328571429,2.18571428571,28.6571428571,6.68571428571,32.8,23.9,18.6
sj,1997,27,1997-07-02,0.1012,0.09026667,0.1940286,0.1983714,38.84,300.295714286,300.514285714,296.238571429,302.3,298.3,24.3,78.6385714286,38.84,17.6357142857,2.91428571429,28.4142857143,6.42857142857,32.2,24.4,4.1
sj,1997,28,1997-07-09,0.0883,0.07483333,0.1354571,0.1118571,5.87,300.488571429,300.642857143,296.415714286,302.3,299.0,21.3,78.62,5.87,17.8457142857,2.42857142857,29.0142857143,7.54285714286,33.9,23.9,8.7
sj,1997,29,1997-07-16,-0.0562,0.0112,0.1573143,0.1659714,24.42,300.094285714,300.171428571,296.511428571,302.2,298.1,35.4,80.9171428571,24.42,17.9485714286,2.54285714286,28.6142857143,6.74285714286,32.8,24.4,40.9
sj,1997,30,1997-07-23,-0.1562,0,0.1646429,0.1496857,41.34,299.958571429,299.942857143,296.602857143,302.7,298.2,73.74,82.1328571429,41.34,18.0457142857,1.77142857143,27.9,6.28571428571,31.7,23.3,51.2
sj,1997,31,1997-07-30,0.1393,0.07825,0.2511714,0.1919429,29.9,300.117142857,300.214285714,296.215714286,302.4,297.8,33.6,79.4542857143,29.9,17.6171428571,2.74285714286,27.8285714286,6.6,31.7,22.8,16.3
sj,1997,32,1997-08-06,0.0981,0.0981,0.1404571,0.1142286,19.57,300.294285714,300.414285714,296.735714286,302.5,297.8,28.6,81.1042857143,19.57,18.18,2.51428571429,28.6428571429,5.94285714286,32.2,25.0,5.2
sj,1997,33,1997-08-13,0.008933333,0.046675,0.1411,0.1585714,57.65,299.84,299.992857143,296.572857143,301.9,298.1,42.79,82.3928571429,57.65,17.9885714286,2.47142857143,28.2857142857,6.61428571429,32.8,23.9,53.4
sj,1997,34,1997-08-20,0,0.11135,0.1741857,0.1446,20.35,299.761428571,299.8,296.658571429,301.8,298.2,45.7,83.28,20.35,18.0914285714,2.02857142857,28.4142857143,6.51428571429,32.2,24.4,52.3
sj,1997,35,1997-08-27,0.06065,0.08936667,0.1869714,0.2091857,94.72,300.265714286,300.335714286,296.704285714,302.5,298.8,35.9,81.1428571429,94.72,18.1828571429,2.1,27.9857142857,6.44285714286,32.2,22.8,50.0
sj,1997,36,1997-09-03,0.1072,0.1159667,0.2084,0.1735571,8.83,300.138571429,300.121428571,296.804285714,302.0,298.5,35.9,82.22,8.83,18.3085714286,2.07142857143,28.7285714286,6.58571428571,32.8,25.0,17.0
sj,1997,37,1997-09-10,0.03495,0.0815,0.1973143,0.1827714,11.47,300.548571429,300.721428571,297.414285714,302.6,298.9,46.4,83.1642857143,11.47,19.0442857143,2.58571428571,28.9571428571,6.12857142857,32.8,24.4,15.8
sj,1997,38,1997-09-17,-49,0.01545,0.1992286,0.1866286,86.14,300.682857143,300.807142857,297.247142857,303.6,299.0,36.89,81.8085714286,86.14,18.8285714286,2.58571428571,28.9,6.67142857143,34.4,25.0,18.1
sj,1997,39,1997-09-24,0.12258,0.09823333,0.1432143,0.1434143,13.18,300.42,300.514285714,296.385714286,302.6,298.0,39.6,78.78,13.18,17.8285714286,2.4,28.4,6.74285714286,32.2,23.9,25.4
sj,1997,40,1997-10-01,0.1123,0.1054,0.2000571,0.1438857,46.15,300.132857143,300.207142857,297.268571429,302.6,298.7,39.0,84.4371428571,46.15,18.8142857143,2.12857142857,27.5857142857,6.75714285714,32.2,21.7,31.2
sj,1997,41,1997-10-08,0.0019,0.095825,0.09027143,0.0999,70.29,300.564285714,300.735714286,296.787142857,303.2,298.5,26.0,80.0842857143,70.29,18.31,2.64285714286,28.5,7.3,33.3,23.3,44.4
sj,1997,42,1997-10-15,-0.01515,0.0831,0.2018667,0.2107333,99.33,299.478571429,299.435714286,296.435714286,302.9,297.6,182.0,83.5757142857,99.33,17.9271428571,1.84285714286,27.3571428571,6.42857142857,31.1,22.8,6.3
sj,1997,43,1997-10-22,0,0.1966,0.3152429,0.2916429,80.85,299.608571429,299.842857143,296.304285714,302.3,296.4,27.34,82.2342857143,80.85,17.8185714286,3.34285714286,27.7,5.88571428571,32.8,23.9,8.7
sj,1997,44,1997-10-29,0,0.1695,0.2978143,0.2102,0.78,300.381428571,300.55,296.101428571,302.3,298.1,7.27,77.5328571429,0.78,17.5514285714,2.7,28.3857142857,5.81428571429,32.8,24.4,0.0
sj,1997,45,1997-11-05,0.07745,0,0.1989571,0.1767429,2.08,300.031428571,300.092857143,295.695714286,301.9,298.6,9.5,77.3071428571,2.08,17.0957142857,2.04285714286,27.7428571429,6.11428571429,31.1,23.9,27.1
sj,1997,46,1997-11-12,0.0695,0.12345,0.1481429,0.1022714,18.83,299.687142857,299.792857143,295.345714286,302.6,297.9,9.0,77.1628571429,18.83,16.7642857143,2.24285714286,27.3428571429,7.4,32.8,22.8,34.6
sj,1997,47,1997-11-19,0,-0.1026,0.2017857,0.1477857,50.55,299.491428571,299.528571429,296.312857143,301.8,298.0,40.5,82.7657142857,50.55,17.7385714286,1.8,27.3285714286,6.0,31.1,23.9,6.1
sj,1997,48,1997-11-26,0.2192,0.1606,0.1749286,0.2117571,4.76,299.62,299.7,296.337142857,301.9,297.9,42.9,82.27,4.76,17.7714285714,2.2,27.2571428571,5.67142857143,30.6,23.9,81.8
sj,1997,49,1997-12-03,0.0568,0.0661,0.3493143,0.3120714,3.01,299.455714286,299.507142857,295.575714286,301.3,298.2,14.7,79.3957142857,3.01,17.0014285714,1.87142857143,26.6714285714,6.61428571429,31.7,23.3,39.9
sj,1997,50,1997-12-10,0,-0.0448,0.2314143,0.2354714,0.0,300.132857143,300.35,295.152857143,302.0,298.8,0.3,74.2814285714,0.0,16.53,2.67142857143,26.7571428571,8.25714285714,32.2,21.7,0.0
sj,1997,51,1997-12-17,0,0.0001,0.2579571,0.2339,0.0,299.638571429,299.664285714,294.795714286,301.6,298.1,3.9,74.7957142857,0.0,16.1457142857,2.47142857143,26.5714285714,7.3,32.2,22.2,1.5
sj,1997,52,1997-12-24,0.0663,0.075925,0.2132111,0.2257889,22.52,299.214285714,299.285714286,295.351428571,301.7,297.6,16.3,79.47,22.52,16.7042857143,2.57142857143,26.7142857143,7.57142857143,31.7,22.2,17.3
sj,1998,2,1998-01-08,0.05076667,0.0341,0.2233714,0.1341571,10.59,298.827142857,298.992857143,295.03,300.7,297.2,44.4,79.6314285714,10.59,16.3628571429,2.15714285714,26.3571428571,6.14285714286,31.7,22.8,33.3
sj,1998,3,1998-01-15,-0.01615,-0.008225,0.2047143,0.1985714,106.97,297.612857143,297.685714286,294.852857143,300.2,296.4,53.2,84.6942857143,106.97,16.2085714286,1.88571428571,24.8857142857,5.85714285714,29.4,20.6,152.4
sj,1998,4,1998-01-22,0.1797,0.03345,0.2514571,0.1921,0.0,298.611428571,298.8,294.51,300.6,296.8,8.4,78.1828571429,0.0,15.8814285714,2.4,25.6142857143,6.48571428571,29.4,21.1,4.8
sj,1998,5,1998-01-29,0.13155,0.045825,0.1461143,0.1313571,7.72,298.694285714,298.857142857,294.19,300.6,297.0,16.3,76.2614285714,7.72,15.5614285714,2.34285714286,26.5428571429,7.25714285714,31.1,22.2,1.3
sj,1998,6,1998-02-05,-0.0479,-0.0525,0.1274857,0.09734286,0.0,298.578571429,298.807142857,293.971428571,301.3,296.6,8.6,75.7771428571,0.0,15.3614285714,3.27142857143,26.5857142857,8.11428571429,31.7,21.1,0.0
sj,1998,7,1998-02-12,0.11825,0.0559,0.1819,0.1763143,142.6,299.058571429,299.25,295.628571429,302.2,296.7,18.5,81.6128571429,142.6,17.0885714286,2.95714285714,27.2571428571,6.9,32.2,22.8,79.2
sj,1998,8,1998-02-19,0,0.0754,0.2395714,0.2387,0.0,297.59,297.835714286,291.901428571,300.2,296.2,3.1,70.7014285714,0.0,13.5128571429,2.24285714286,24.4142857143,6.08571428571,28.9,20.0,8.7
sj,1998,9,1998-02-26,0.1545,0.0849,0.24338,0.1549833,0.0,298.892857143,299.128571429,294.114285714,300.6,297.8,1.1,75.0157142857,0.0,15.4771428571,2.28571428571,26.2714285714,7.94285714286,31.1,21.1,6.4
sj,1998,10,1998-03-05,0.06366667,0.09633333,0.1728429,0.1622143,0.0,297.655714286,297.792857143,293.5,301.1,295.0,10.3,77.9242857143,0.0,14.9357142857,2.84285714286,25.6142857143,7.25714285714,32.2,21.1,7.0
sj,1998,11,1998-03-12,0,0.0797,0.1391714,0.1625286,0.0,298.278571429,298.385714286,294.697142857,301.2,295.7,42.78,80.7785714286,0.0,16.0814285714,2.22857142857,25.8142857143,6.9,32.2,21.1,15.1
sj,1998,12,1998-03-19,0.0604,0.08823333,0.2129286,0.2124143,0.0,298.175714286,298.371428571,292.907142857,300.4,296.2,0.6,72.6428571429,0.0,14.3671428571,2.51428571429,24.8857142857,7.01428571429,28.9,20.6,27.7
sj,1998,13,1998-03-26,0,0.0731,0.1881667,0.1685,0.0,298.502857143,298.664285714,294.098571429,300.7,296.5,21.0,76.6757142857,0.0,15.48,2.55714285714,26.2285714286,6.9,31.1,22.2,16.5
sj,1998,14,1998-04-02,0.0672,0.02766667,0.1485333,0.1277429,72.98,298.044285714,298.192857143,294.628571429,301.1,296.5,41.2,81.4057142857,72.98,15.9985714286,2.52857142857,25.7142857143,6.2,31.7,21.7,15.5
sj,1998,15,1998-04-09,48,0.0652,0.09894286,0.1027714,12.01,297.871428571,298.2,294.215714286,300.8,295.6,19.0,80.19,12.01,15.6357142857,3.0,26.0285714286,6.35714285714,31.7,21.7,10.7
sj,1998,16,1998-04-16,0.0308,76,0.1139714,0.1258571,0.0,298.472857143,298.578571429,294.97,300.7,296.5,23.9,81.1457142857,0.0,16.4028571429,2.15714285714,26.9285714286,6.11428571429,33.9,22.2,7.9
sj,1998,17,1998-04-23,0.0671,0.09136667,0.1444857,0.1479571,22.22,297.735714286,297.792857143,293.542857143,299.8,296.2,24.3,77.7128571429,22.22,15.0142857143,2.15714285714,25.6,5.85714285714,29.4,21.7,73.4
sj,1998,18,1998-04-30,0.1063,0.0461,0.2191857,0.2073286,71.64,299.565714286,299.835714286,295.834285714,301.5,298.2,11.7,80.0728571429,71.64,17.2314285714,2.35714285714,26.8714285714,6.9,31.1,22.8,16.3
sj,1998,19,1998-05-07,0,0.09693333,0.1582429,0.1198143,0.0,299.132857143,299.292857143,294.827142857,301.3,297.7,17.6,77.3314285714,0.0,16.2214285714,2.18571428571,26.7857142857,6.2,31.1,22.2,6.9
sj,1998,20,1998-05-14,0,0.04255,0.1317833,0.1003,55.76,299.2,299.4,295.11,302.9,296.6,10.3,78.4014285714,55.76,16.5028571429,3.62857142857,27.1428571429,7.01428571429,33.9,22.2,7.1
sj,1998,21,1998-05-21,-3,0.033625,0.1648667,0.1742,56.4,300.024285714,300.085714286,297.062857143,302.9,297.8,53.7,84.0714285714,56.4,18.6142857143,2.82857142857,27.9142857143,6.97142857143,34.4,23.3,59.1
sj,1998,22,1998-05-28,0.0484,0.0372,0.1550833,0.1645167,15.86,299.842857143,299.935714286,297.02,302.3,298.4,59.4,84.6357142857,15.86,18.5114285714,2.18571428571,27.9714285714,5.65714285714,31.1,24.4,13.8
sj,1998,23,1998-06-04,-0.0427,0.07076667,0.1536,0.1221429,8.19,299.618571429,299.807142857,296.351428571,301.4,298.1,35.8,82.46,8.19,17.7657142857,2.32857142857,27.8571428571,6.2,32.2,23.9,10.5
sj,1998,24,1998-06-11,0.12125,0.12125,0.2368143,0.2751714,86.21,300.757142857,300.842857143,297.451428571,302.7,299.2,20.7,82.3057142857,86.21,18.9914285714,2.42857142857,28.4285714286,6.98571428571,32.8,23.9,38.6
sj,1998,25,1998-06-18,0.0725,0.0509,0.2078286,0.1756286,49.52,300.517142857,300.564285714,296.435714286,303.0,298.9,15.4,78.53,49.52,17.8542857143,2.38571428571,28.1,6.52857142857,32.8,23.9,23.4
sj,1998,26,1998-06-25,0.03745,0.0167,0.1447,0.1523571,72.08,299.944285714,299.95,296.995714286,302.3,298.3,71.33,84.0257142857,72.08,18.47,2.35714285714,28.2142857143,6.74285714286,32.2,23.9,20.6
sj,1998,27,1998-07-02,0.0715,0.096075,0.1718429,0.1558857,20.06,300.595714286,300.721428571,296.847142857,302.7,299.0,33.31,80.0857142857,20.06,18.2785714286,2.3,28.6142857143,5.85714285714,32.2,25.0,0.0
sj,1998,28,1998-07-09,-0.03095,0.0628,0.1886286,0.1695286,54.05,300.452857143,300.435714286,296.924285714,302.9,298.5,45.31,81.29,54.05,18.3914285714,2.3,28.3857142857,6.74285714286,32.8,22.8,11.7
sj,1998,29,1998-07-16,0.0289,0.04713333,0.08254286,0.06893333,10.42,300.337142857,300.457142857,296.288571429,302.8,298.1,30.86,78.99,10.42,17.7157142857,2.71428571429,28.3857142857,7.07142857143,33.3,23.9,62.5
sj,1998,30,1998-07-23,0.0554,0.1065,0.1776429,0.1602571,68.74,299.822857143,299.885714286,296.502857143,302.2,298.1,93.68,82.2128571429,68.74,17.9457142857,1.88571428571,27.5571428571,6.68571428571,31.7,23.9,81.9
sj,1998,31,1998-07-30,0.14065,127,0.26975,0.2465286,16.03,300.061428571,300.035714286,297.038571429,302.0,298.5,107.87,83.7428571429,16.03,18.5471428571,2.04285714286,28.2714285714,5.72857142857,31.7,23.9,20.5
sj,1998,32,1998-08-06,0.02866667,0.057625,0.1758571,0.1526857,25.79,300.662857143,300.885714286,297.127142857,303.2,298.6,27.7,81.2171428571,25.79,18.6314285714,2.91428571429,28.4571428571,6.18571428571,32.2,24.4,6.2
sj,1998,33,1998-08-13,0.05346667,0.0935,0.1854333,0.1739,38.44,300.668571429,300.621428571,297.457142857,303.1,298.9,55.9,82.8,38.44,19.0157142857,2.27142857143,29.0714285714,6.34285714286,32.8,24.4,3.8
sj,1998,34,1998-08-20,0.1072,0.0567,0.1809667,0.1720333,24.34,300.367142857,300.35,297.467142857,303.0,298.9,63.2,84.2028571429,24.34,19.01,1.72857142857,29.2142857143,6.41428571429,32.8,25.0,20.4
sj,1998,35,1998-08-27,0.0307,0.07575,0.1548167,0.1902571,96.58,300.468571429,300.578571429,297.401428571,303.1,298.7,98.3,83.45,96.58,19.0271428571,2.67142857143,28.0428571429,6.82857142857,33.9,23.3,146.4
sj,1998,36,1998-09-03,0.0388,0.05403333,0.1585429,0.1456429,47.74,300.687142857,300.707142857,297.328571429,303.4,298.4,52.5,82.1928571429,47.74,18.9085714286,2.9,28.7571428571,7.12857142857,33.9,22.8,27.4
sj,1998,37,1998-09-10,0.07465,0.05796667,0.1518857,122,72.73,300.147142857,300.2,297.16,302.0,298.7,73.6,84.0028571429,72.73,18.7242857143,2.02857142857,28.3285714286,6.84285714286,32.2,24.4,61.3
sj,1998,38,1998-09-17,0,0.0401,0.1554833,0.14148,35.03,300.587142857,300.607142857,297.275714286,303.0,298.8,33.83,82.3328571429,35.03,18.8471428571,2.18571428571,28.7285714286,6.98571428571,34.4,24.4,39.7
sj,1998,39,1998-09-24,0.05085,0.04685,0.2315857,0.2066857,82.87,300.13,300.185714286,297.06,302.1,298.8,55.8,83.3314285714,82.87,18.5814285714,1.85714285714,27.7714285714,6.22857142857,32.2,24.4,123.6
sj,1998,40,1998-10-01,-0.0022,0.0382,0.1618857,0.1683143,223.61,300.597142857,300.757142857,296.538571429,302.9,298.5,124.4,78.7828571429,223.61,18.0614285714,2.8,27.9142857143,6.28571428571,32.8,23.9,24.7
sj,1998,41,1998-10-08,0,-19,0.1630571,0.1492,33.26,300.712857143,300.742857143,296.921428571,302.9,298.9,28.3,79.9985714286,33.26,18.4185714286,2.34285714286,28.2571428571,5.5,31.7,24.4,25.0
sj,1998,42,1998-10-15,0,0.08155,0.1864143,0.1386857,25.94,300.795714286,300.857142857,296.612857143,302.9,299.3,18.5,78.0985714286,25.94,18.0914285714,2.68571428571,27.7571428571,6.31428571429,31.7,23.3,15.5
sj,1998,43,1998-10-22,0.0213,85,0.1969667,0.1962,32.09,300.247142857,300.235714286,296.9,301.9,298.8,36.5,82.0385714286,32.09,18.41,2.12857142857,28.1571428571,6.92857142857,33.9,23.9,26.7
sj,1998,44,1998-10-29,-0.0359,-0.0726,0.1117286,0.09242857,182.46,299.848571429,299.985714286,296.867142857,302.1,297.7,92.4,83.8657142857,182.46,18.3757142857,2.08571428571,27.7142857143,6.12857142857,32.8,23.3,54.6
sj,1998,45,1998-11-05,0,-0.00225,0.2212286,0.1698,121.65,299.652857143,299.692857143,296.942857143,301.7,298.5,89.5,85.12,121.65,18.4842857143,1.78571428571,27.4285714286,6.45714285714,31.1,23.3,81.5
sj,1998,46,1998-11-12,0.003866667,-0.05725,0.1859167,0.09834286,18.07,300.002857143,300.05,296.42,302.4,297.9,36.1,80.9142857143,18.07,17.8685714286,2.07142857143,27.7857142857,6.67142857143,32.8,23.3,8.7
sj,1998,47,1998-11-19,0,0,0.2537429,0.2166143,110.03,298.675714286,298.657142857,296.182857143,300.3,297.3,143.4,86.2142857143,110.03,17.6271428571,1.48571428571,26.7285714286,6.21428571429,30.6,23.3,71.3
sj,1998,48,1998-11-26,0.0501,0.06575,0.1662429,0.1467571,0.0,299.232857143,299.321428571,295.492857143,301.4,297.4,57.1,80.0214285714,0.0,16.8671428571,2.01428571429,26.5571428571,5.68571428571,30.0,22.8,29.8
sj,1998,49,1998-12-03,0.05675,0.06565,0.06918571,0.05278571,22.35,298.301428571,298.257142857,295.172857143,300.4,296.5,115.77,83.0242857143,22.35,16.5871428571,1.88571428571,25.6428571429,5.94285714286,29.4,22.2,48.2
sj,1998,50,1998-12-10,0.0619,0.002633333,0.2133,0.1730143,152.94,298.094285714,298.15,295.54,299.8,297.1,158.72,85.9114285714,152.94,16.9657142857,1.35714285714,25.8142857143,5.01428571429,28.9,22.8,97.6
sj,1998,51,1998-12-17,-0.08216667,-0.091675,0.2399,0.1700571,16.76,299.042857143,299.1,295.032857143,300.9,297.6,10.2,78.6685714286,16.76,16.4085714286,1.97142857143,26.0714285714,5.54285714286,31.1,22.8,18.9
sj,1998,52,1998-12-24,0.06056667,-0.13095,0.15715,0.0981875,0.0,299.282857143,299.435714286,295.215714286,301.4,298.0,12.8,78.4185714286,0.0,16.5642857143,2.12857142857,25.9285714286,6.04285714286,30.0,22.2,29.7
